cell_id,lat,lon,province,province_short,lightning_share,fires_2000_2016
43_-65,43.5,-64.5,Nova Scotia,NS,0.0,19
43_-66,43.5,-65.5,Nova Scotia,NS,0.0047169811320754715,424
43_-67,43.5,-66.5,Nova Scotia,NS,0.0,104
44_-63,44.5,-62.5,Nova Scotia,NS,0.02564102564102564,39
44_-64,44.5,-63.5,Nova Scotia,NS,0.015544041450777202,386
44_-65,44.5,-64.5,Nova Scotia,NS,0.03187250996015936,502
44_-66,44.5,-65.5,Nova Scotia,NS,0.03225806451612903,310
44_-67,44.5,-66.5,Nova Scotia,NS,0.0,63
44_-77,44.5,-76.5,Ontario,ON,0.4444444444444444,45
44_-78,44.5,-77.5,Ontario,ON,0.40425531914893614,94
44_-79,44.5,-78.5,Ontario,ON,0.34065934065934067,91
44_-80,44.5,-79.5,Ontario,ON,0.10989010989010989,91
45_-61,45.5,-60.5,Nova Scotia,NS,0.0,100
45_-62,45.5,-61.5,Nova Scotia,NS,0.012711864406779662,236
45_-63,45.5,-62.5,Nova Scotia,NS,0.009950248756218905,402
45_-64,45.5,-63.5,Nova Scotia,NS,0.022332506203473945,403
45_-65,45.5,-64.5,Nova Scotia,NS,0.02457757296466974,651
45_-66,45.5,-65.5,New Brunswick,NB,0.03985507246376811,276
45_-67,45.5,-66.5,New Brunswick,NB,0.015795868772782502,823
45_-68,45.5,-67.5,New Brunswick,NB,0.0860655737704918,244
45_-71,45.5,-70.5,Quebec,QC,0.027777777777777776,36
45_-72,45.5,-71.5,Quebec,QC,0.0056179775280898875,178
45_-73,45.5,-72.5,Quebec,QC,0.005970149253731343,335
45_-74,45.5,-73.5,Quebec,QC,0.017793594306049824,281
45_-75,45.5,-74.5,Quebec,QC,0.04419889502762431,362
45_-76,45.5,-75.5,Quebec,QC,0.10062893081761007,318
45_-77,45.5,-76.5,Quebec,QC,0.2689075630252101,238
45_-78,45.5,-77.5,Ontario,ON,0.42272727272727273,220
45_-79,45.5,-78.5,Ontario,ON,0.2861356932153392,339
45_-80,45.5,-79.5,Ontario,ON,0.2397003745318352,267
45_-81,45.5,-80.5,Ontario,ON,0.3558139534883721,430
45_-82,45.5,-81.5,Ontario,ON,0.24390243902439024,82
46_-54,46.5,-53.5,Newfoundland and Labrador,NL,0.0,17
46_-55,46.5,-54.5,Newfoundland and Labrador,NL,0.0,34
46_-60,46.5,-59.5,Nova Scotia,NS,0.0,92
46_-61,46.5,-60.5,Nova Scotia,NS,0.00816326530612245,735
46_-62,46.5,-61.5,Nova Scotia,NS,0.024390243902439025,41
46_-64,46.5,-63.5,New Brunswick,NB,0.0,13
46_-65,46.5,-64.5,New Brunswick,NB,0.03832752613240418,287
46_-66,46.5,-65.5,New Brunswick,NB,0.05531914893617021,470
46_-67,46.5,-66.5,New Brunswick,NB,0.12944983818770225,309
46_-68,46.5,-67.5,New Brunswick,NB,0.036885245901639344,488
46_-71,46.5,-70.5,Quebec,QC,0.02857142857142857,105
46_-72,46.5,-71.5,Quebec,QC,0.018292682926829267,328
46_-73,46.5,-72.5,Quebec,QC,0.08417508417508418,297
46_-74,46.5,-73.5,Quebec,QC,0.11063829787234042,470
46_-75,46.5,-74.5,Quebec,QC,0.08035714285714286,336
46_-76,46.5,-75.5,Quebec,QC,0.17010309278350516,388
46_-77,46.5,-76.5,Quebec,QC,0.4144486692015209,263
46_-78,46.5,-77.5,Quebec,QC,0.7300884955752213,226
46_-79,46.5,-78.5,Quebec,QC,0.47619047619047616,294
46_-80,46.5,-79.5,Ontario,ON,0.46485260770975056,441
46_-81,46.5,-80.5,Ontario,ON,0.41846153846153844,975
46_-82,46.5,-81.5,Ontario,ON,0.4992887624466572,703
46_-83,46.5,-82.5,Ontario,ON,0.6392045454545454,352
46_-84,46.5,-83.5,Ontario,ON,0.6681818181818182,220
46_-85,46.5,-84.5,Ontario,ON,0.2677595628415301,183
47_-53,47.5,-52.5,Newfoundland and Labrador,NL,0.0,398
47_-54,47.5,-53.5,Newfoundland and Labrador,NL,0.004784688995215311,209
47_-55,47.5,-54.5,Newfoundland and Labrador,NL,0.0,18
47_-56,47.5,-55.5,Newfoundland and Labrador,NL,0.0196078431372549,51
47_-60,47.5,-59.5,Newfoundland and Labrador,NL,0.0,11
47_-65,47.5,-64.5,New Brunswick,NB,0.0,295
47_-66,47.5,-65.5,New Brunswick,NB,0.10357142857142858,560
47_-67,47.5,-66.5,New Brunswick,NB,0.21341463414634146,328
47_-68,47.5,-67.5,New Brunswick,NB,0.12173913043478261,230
47_-69,47.5,-68.5,New Brunswick,NB,0.046357615894039736,151
47_-70,47.5,-69.5,Quebec,QC,0.15492957746478872,71
47_-71,47.5,-70.5,Quebec,QC,0.13636363636363635,132
47_-72,47.5,-71.5,Quebec,QC,0.09302325581395349,43
47_-73,47.5,-72.5,Quebec,QC,0.24571428571428572,175
47_-74,47.5,-73.5,Quebec,QC,0.3931034482758621,145
47_-75,47.5,-74.5,Quebec,QC,0.37662337662337664,77
47_-76,47.5,-75.5,Quebec,QC,0.6206896551724138,58
47_-77,47.5,-76.5,Quebec,QC,0.5631067961165048,103
47_-78,47.5,-77.5,Quebec,QC,0.639751552795031,161
47_-79,47.5,-78.5,Quebec,QC,0.5691489361702128,188
47_-80,47.5,-79.5,Ontario,ON,0.41379310344827586,290
47_-81,47.5,-80.5,Ontario,ON,0.7354838709677419,310
47_-82,47.5,-81.5,Ontario,ON,0.5601503759398496,266
47_-83,47.5,-82.5,Ontario,ON,0.663594470046083,217
47_-84,47.5,-83.5,Ontario,ON,0.6652892561983471,242
47_-85,47.5,-84.5,Ontario,ON,0.7871485943775101,249
48_-124,48.5,-123.5,British Columbia,BC,0.044444444444444446,450
48_-125,48.5,-124.5,British Columbia,BC,0.04938271604938271,81
48_-54,48.5,-53.5,Newfoundland and Labrador,NL,0.02247191011235955,89
48_-55,48.5,-54.5,Newfoundland and Labrador,NL,0.08108108108108109,74
48_-56,48.5,-55.5,Newfoundland and Labrador,NL,0.018867924528301886,53
48_-57,48.5,-56.5,Newfoundland and Labrador,NL,0.0625,16
48_-58,48.5,-57.5,Newfoundland and Labrador,NL,0.05555555555555555,18
48_-59,48.5,-58.5,Newfoundland and Labrador,NL,0.0,128
48_-65,48.5,-64.5,Quebec,QC,0.05555555555555555,54
48_-66,48.5,-65.5,Quebec,QC,0.0821917808219178,73
48_-67,48.5,-66.5,Quebec,QC,0.1506849315068493,73
48_-68,48.5,-67.5,Quebec,QC,0.08108108108108109,37
48_-69,48.5,-68.5,Quebec,QC,0.11267605633802817,71
48_-70,48.5,-69.5,Quebec,QC,0.25,156
48_-71,48.5,-70.5,Quebec,QC,0.2318840579710145,69
48_-72,48.5,-71.5,Quebec,QC,0.058333333333333334,240
48_-73,48.5,-72.5,Quebec,QC,0.09166666666666666,240
48_-74,48.5,-73.5,Quebec,QC,0.711340206185567,97
48_-75,48.5,-74.5,Quebec,QC,0.4819277108433735,83
48_-76,48.5,-75.5,Quebec,QC,0.6126126126126126,111
48_-77,48.5,-76.5,Quebec,QC,0.3333333333333333,132
48_-78,48.5,-77.5,Quebec,QC,0.10550458715596331,218
48_-79,48.5,-78.5,Quebec,QC,0.06542056074766354,214
48_-80,48.5,-79.5,Quebec,QC,0.1297709923664122,262
48_-81,48.5,-80.5,Ontario,ON,0.3170731707317073,164
48_-82,48.5,-81.5,Ontario,ON,0.41545893719806765,207
48_-83,48.5,-82.5,Ontario,ON,0.5040650406504065,123
48_-84,48.5,-83.5,Ontario,ON,0.7615384615384615,130
48_-85,48.5,-84.5,Ontario,ON,0.6141732283464567,254
48_-86,48.5,-85.5,Ontario,ON,0.6047430830039525,253
48_-87,48.5,-86.5,Ontario,ON,0.5294117647058824,136
48_-88,48.5,-87.5,Ontario,ON,0.38738738738738737,111
48_-89,48.5,-88.5,Ontario,ON,0.4263565891472868,129
48_-90,48.5,-89.5,Ontario,ON,0.23349056603773585,424
48_-91,48.5,-90.5,Ontario,ON,0.6047619047619047,210
48_-92,48.5,-91.5,Ontario,ON,0.7183544303797469,316
48_-93,48.5,-92.5,Ontario,ON,0.6540880503144654,159
48_-94,48.5,-93.5,Ontario,ON,0.35323383084577115,201
48_-95,48.5,-94.5,Ontario,ON,0.06896551724137931,29
49_-100,49.5,-99.5,Manitoba,MB,0.17647058823529413,17
49_-103,49.5,-102.5,Saskatchewan,SK,0.09090909090909091,11
49_-107,49.5,-106.5,Saskatchewan,SK,0.5238095238095238,21
49_-108,49.5,-107.5,Saskatchewan,SK,0.3103448275862069,58
49_-110,49.5,-109.5,Saskatchewan,SK,0.22641509433962265,53
49_-114,49.5,-113.5,Alberta,AB,0.11363636363636363,88
49_-115,49.5,-114.5,Alberta,AB,0.12777284826974267,1127
49_-116,49.5,-115.5,British Columbia,BC,0.5013009540329575,1153
49_-117,49.5,-116.5,British Columbia,BC,0.7610241820768137,703
49_-118,49.5,-117.5,British Columbia,BC,0.8135764944275583,987
49_-119,49.5,-118.5,British Columbia,BC,0.80078125,768
49_-120,49.5,-119.5,British Columbia,BC,0.46499678869621064,1557
49_-121,49.5,-120.5,British Columbia,BC,0.6647597254004577,874
49_-122,49.5,-121.5,British Columbia,BC,0.4268292682926829,656
49_-123,49.5,-122.5,British Columbia,BC,0.4581818181818182,275
49_-124,49.5,-123.5,British Columbia,BC,0.15333333333333332,450
49_-125,49.5,-124.5,British Columbia,BC,0.07009345794392523,642
49_-126,49.5,-125.5,British Columbia,BC,0.2457627118644068,236
49_-127,49.5,-126.5,British Columbia,BC,0.2826086956521739,46
49_-54,49.5,-53.5,Newfoundland and Labrador,NL,0.0,13
49_-55,49.5,-54.5,Newfoundland and Labrador,NL,0.075,40
49_-56,49.5,-55.5,Newfoundland and Labrador,NL,0.13846153846153847,65
49_-57,49.5,-56.5,Newfoundland and Labrador,NL,0.1388888888888889,36
49_-58,49.5,-57.5,Newfoundland and Labrador,NL,0.0,20
49_-65,49.5,-64.5,Quebec,QC,0.1875,16
49_-66,49.5,-65.5,Quebec,QC,0.22580645161290322,31
49_-68,49.5,-67.5,Quebec,QC,0.5526315789473685,38
49_-69,49.5,-68.5,Quebec,QC,0.28776978417266186,139
49_-70,49.5,-69.5,Quebec,QC,0.5147058823529411,68
49_-71,49.5,-70.5,Quebec,QC,0.54,100
49_-72,49.5,-71.5,Quebec,QC,0.5353535353535354,99
49_-73,49.5,-72.5,Quebec,QC,0.5578231292517006,147
49_-74,49.5,-73.5,Quebec,QC,0.6972477064220184,109
49_-75,49.5,-74.5,Quebec,QC,0.47244094488188976,127
49_-76,49.5,-75.5,Quebec,QC,0.7102803738317757,107
49_-77,49.5,-76.5,Quebec,QC,0.7333333333333333,90
49_-78,49.5,-77.5,Quebec,QC,0.7083333333333334,48
49_-79,49.5,-78.5,Quebec,QC,0.43478260869565216,46
49_-80,49.5,-79.5,Quebec,QC,0.5135135135135135,37
49_-81,49.5,-80.5,Ontario,ON,0.47368421052631576,57
49_-82,49.5,-81.5,Ontario,ON,0.41964285714285715,112
49_-83,49.5,-82.5,Ontario,ON,0.3508771929824561,114
49_-84,49.5,-83.5,Ontario,ON,0.41228070175438597,114
49_-85,49.5,-84.5,Ontario,ON,0.64,100
49_-86,49.5,-85.5,Ontario,ON,0.7212121212121212,165
49_-87,49.5,-86.5,Ontario,ON,0.7030716723549488,293
49_-88,49.5,-87.5,Ontario,ON,0.8771929824561403,285
49_-89,49.5,-88.5,Ontario,ON,0.8270042194092827,237
49_-90,49.5,-89.5,Ontario,ON,0.8281938325991189,227
49_-91,49.5,-90.5,Ontario,ON,0.7437185929648241,199
49_-92,49.5,-91.5,Ontario,ON,0.659919028340081,247
49_-93,49.5,-92.5,Ontario,ON,0.4311594202898551,276
49_-94,49.5,-93.5,Ontario,ON,0.5714285714285714,434
49_-95,49.5,-94.5,Ontario,ON,0.44583333333333336,480
49_-96,49.5,-95.5,Manitoba,MB,0.1794871794871795,234
49_-97,49.5,-96.5,Manitoba,MB,0.024193548387096774,124
50_-100,50.5,-99.5,Manitoba,MB,0.0,18
50_-101,50.5,-100.5,Manitoba,MB,0.0,19
50_-105,50.5,-104.5,Saskatchewan,SK,0.0,14
50_-106,50.5,-105.5,Saskatchewan,SK,0.0,18
50_-108,50.5,-107.5,Saskatchewan,SK,0.16666666666666666,12
50_-115,50.5,-114.5,Alberta,AB,0.07916181606519208,859
50_-116,50.5,-115.5,British Columbia,BC,0.7,480
50_-117,50.5,-116.5,British Columbia,BC,0.7258064516129032,496
50_-118,50.5,-117.5,British Columbia,BC,0.9452554744525548,822
50_-119,50.5,-118.5,British Columbia,BC,0.8415354330708661,1016
50_-120,50.5,-119.5,British Columbia,BC,0.4550359712230216,1112
50_-121,50.5,-120.5,British Columbia,BC,0.38244274809160306,1310
50_-122,50.5,-121.5,British Columbia,BC,0.38181818181818183,990
50_-123,50.5,-122.5,British Columbia,BC,0.6224256292906178,437
50_-124,50.5,-123.5,British Columbia,BC,0.6453488372093024,172
50_-125,50.5,-124.5,British Columbia,BC,0.5483870967741935,93
50_-126,50.5,-125.5,British Columbia,BC,0.3018867924528302,159
50_-127,50.5,-126.5,British Columbia,BC,0.5736040609137056,197
50_-128,50.5,-127.5,British Columbia,BC,0.38823529411764707,85
50_-58,50.5,-57.5,Newfoundland and Labrador,NL,0.0,17
50_-62,50.5,-61.5,Quebec,QC,0.1111111111111111,18
50_-63,50.5,-62.5,Quebec,QC,0.3888888888888889,18
50_-64,50.5,-63.5,Quebec,QC,0.35294117647058826,17
50_-65,50.5,-64.5,Quebec,QC,0.2857142857142857,28
50_-66,50.5,-65.5,Quebec,QC,0.25,24
50_-67,50.5,-66.5,Quebec,QC,0.17307692307692307,104
50_-68,50.5,-67.5,Quebec,QC,0.625,40
50_-69,50.5,-68.5,Quebec,QC,0.5915492957746479,71
50_-70,50.5,-69.5,Quebec,QC,0.8166666666666667,60
50_-71,50.5,-70.5,Quebec,QC,0.875,64
50_-72,50.5,-71.5,Quebec,QC,0.8148148148148148,81
50_-73,50.5,-72.5,Quebec,QC,0.7735849056603774,106
50_-74,50.5,-73.5,Quebec,QC,0.78,50
50_-75,50.5,-74.5,Quebec,QC,0.875,72
50_-76,50.5,-75.5,Quebec,QC,0.7551020408163265,98
50_-77,50.5,-76.5,Quebec,QC,0.8932038834951457,103
50_-78,50.5,-77.5,Quebec,QC,0.90625,64
50_-79,50.5,-78.5,Quebec,QC,0.9473684210526315,19
50_-80,50.5,-79.5,Quebec,QC,1.0,15
50_-82,50.5,-81.5,Ontario,ON,0.8181818181818182,22
50_-83,50.5,-82.5,Ontario,ON,0.5384615384615384,13
50_-84,50.5,-83.5,Ontario,ON,0.9090909090909091,11
50_-85,50.5,-84.5,Ontario,ON,0.9411764705882353,17
50_-86,50.5,-85.5,Ontario,ON,0.8636363636363636,22
50_-87,50.5,-86.5,Ontario,ON,0.5422535211267606,142
50_-88,50.5,-87.5,Ontario,ON,0.7702702702702703,148
50_-89,50.5,-88.5,Ontario,ON,0.8137254901960784,102
50_-90,50.5,-89.5,Ontario,ON,0.7716049382716049,162
50_-91,50.5,-90.5,Ontario,ON,0.8372093023255814,172
50_-92,50.5,-91.5,Ontario,ON,0.664804469273743,179
50_-93,50.5,-92.5,Ontario,ON,0.6375,240
50_-94,50.5,-93.5,Ontario,ON,0.7708333333333334,336
50_-95,50.5,-94.5,Ontario,ON,0.5207920792079208,505
50_-96,50.5,-95.5,Manitoba,MB,0.6086956521739131,230
50_-97,50.5,-96.5,Manitoba,MB,0.06896551724137931,145
51_-100,51.5,-99.5,Manitoba,MB,0.03076923076923077,65
51_-101,51.5,-100.5,Manitoba,MB,0.21052631578947367,19
51_-102,51.5,-101.5,Manitoba,MB,0.38461538461538464,13
51_-107,51.5,-106.5,Saskatchewan,SK,0.05714285714285714,35
51_-108,51.5,-107.5,Saskatchewan,SK,0.0,16
51_-115,51.5,-114.5,Alberta,AB,0.07642487046632124,772
51_-116,51.5,-115.5,Alberta,AB,0.09726224783861671,1388
51_-117,51.5,-116.5,British Columbia,BC,0.5794392523364486,214
51_-118,51.5,-117.5,British Columbia,BC,0.8776223776223776,286
51_-119,51.5,-118.5,British Columbia,BC,0.963903743315508,748
51_-120,51.5,-119.5,British Columbia,BC,0.8079470198675497,604
51_-121,51.5,-120.5,British Columbia,BC,0.6477462437395659,599
51_-122,51.5,-121.5,British Columbia,BC,0.6198675496688741,755
51_-123,51.5,-122.5,British Columbia,BC,0.6697819314641744,321
51_-124,51.5,-123.5,British Columbia,BC,0.35064935064935066,231
51_-125,51.5,-124.5,British Columbia,BC,0.4895833333333333,96
51_-126,51.5,-125.5,British Columbia,BC,0.8260869565217391,23
51_-127,51.5,-126.5,British Columbia,BC,0.8636363636363636,22
51_-128,51.5,-127.5,British Columbia,BC,0.4375,16
51_-62,51.5,-61.5,Quebec,QC,1.0,17
51_-64,51.5,-63.5,Quebec,QC,0.9090909090909091,11
51_-65,51.5,-64.5,Quebec,QC,0.9230769230769231,13
51_-66,51.5,-65.5,Quebec,QC,0.6,10
51_-67,51.5,-66.5,Quebec,QC,1.0,25
51_-68,51.5,-67.5,Quebec,QC,0.75,20
51_-69,51.5,-68.5,Quebec,QC,0.6,40
51_-70,51.5,-69.5,Quebec,QC,0.7857142857142857,42
51_-71,51.5,-70.5,Quebec,QC,1.0,36
51_-72,51.5,-71.5,Quebec,QC,0.9444444444444444,54
51_-73,51.5,-72.5,Quebec,QC,0.8611111111111112,36
51_-75,51.5,-74.5,Quebec,QC,1.0,14
51_-76,51.5,-75.5,Quebec,QC,0.7272727272727273,44
51_-77,51.5,-76.5,Quebec,QC,0.7692307692307693,52
51_-78,51.5,-77.5,Quebec,QC,0.782608695652174,23
51_-79,51.5,-78.5,Quebec,QC,0.8947368421052632,19
51_-81,51.5,-80.5,Ontario,ON,0.5,14
51_-82,51.5,-81.5,Ontario,ON,1.0,14
51_-86,51.5,-85.5,Ontario,ON,0.14893617021276595,47
51_-87,51.5,-86.5,Ontario,ON,1.0,18
51_-88,51.5,-87.5,Ontario,ON,0.6176470588235294,68
51_-89,51.5,-88.5,Ontario,ON,0.875,48
51_-90,51.5,-89.5,Ontario,ON,0.975,40
51_-91,51.5,-90.5,Ontario,ON,0.20557491289198607,287
51_-92,51.5,-91.5,Ontario,ON,0.7394957983193278,119
51_-93,51.5,-92.5,Ontario,ON,0.8682170542635659,129
51_-94,51.5,-93.5,Ontario,ON,0.5070921985815603,282
51_-95,51.5,-94.5,Ontario,ON,0.8953488372093024,172
51_-96,51.5,-95.5,Manitoba,MB,0.8993288590604027,149
51_-97,51.5,-96.5,Manitoba,MB,0.6052631578947368,114
51_-98,51.5,-97.5,Manitoba,MB,0.011363636363636364,88
51_-99,51.5,-98.5,Manitoba,MB,0.030303030303030304,132
52_-101,52.5,-100.5,Manitoba,MB,0.13953488372093023,43
52_-102,52.5,-101.5,Manitoba,MB,0.3620689655172414,58
52_-103,52.5,-102.5,Saskatchewan,SK,0.24545454545454545,110
52_-104,52.5,-103.5,Saskatchewan,SK,0.22033898305084745,59
52_-106,52.5,-105.5,Saskatchewan,SK,0.0,11
52_-107,52.5,-106.5,Saskatchewan,SK,0.027777777777777776,72
52_-115,52.5,-114.5,Alberta,AB,0.08771929824561403,285
52_-116,52.5,-115.5,Alberta,AB,0.29868913857677903,1068
52_-117,52.5,-116.5,Alberta,AB,0.36650485436893204,412
52_-118,52.5,-117.5,Alberta,AB,0.559322033898305,59
52_-119,52.5,-118.5,British Columbia,BC,0.6992753623188406,276
52_-120,52.5,-119.5,British Columbia,BC,0.7775551102204409,499
52_-121,52.5,-120.5,British Columbia,BC,0.9711538461538461,416
52_-122,52.5,-121.5,British Columbia,BC,0.7222222222222222,486
52_-123,52.5,-122.5,British Columbia,BC,0.5671191553544495,663
52_-124,52.5,-123.5,British Columbia,BC,0.3389423076923077,416
52_-125,52.5,-124.5,British Columbia,BC,0.4965034965034965,143
52_-126,52.5,-125.5,British Columbia,BC,0.40425531914893614,235
52_-127,52.5,-126.5,British Columbia,BC,0.7397260273972602,73
52_-128,52.5,-127.5,British Columbia,BC,0.6666666666666666,12
52_-67,52.5,-66.5,Quebec,QC,1.0,10
52_-68,52.5,-67.5,Quebec,QC,0.9375,32
52_-69,52.5,-68.5,Quebec,QC,1.0,11
52_-70,52.5,-69.5,Quebec,QC,1.0,10
52_-75,52.5,-74.5,Quebec,QC,0.9230769230769231,13
52_-76,52.5,-75.5,Quebec,QC,0.8333333333333334,24
52_-77,52.5,-76.5,Quebec,QC,0.8727272727272727,55
52_-78,52.5,-77.5,Quebec,QC,0.8461538461538461,26
52_-79,52.5,-78.5,Quebec,QC,0.75,16
52_-82,52.5,-81.5,Ontario,ON,0.14035087719298245,57
52_-83,52.5,-82.5,Ontario,ON,0.43333333333333335,30
52_-84,52.5,-83.5,Ontario,ON,1.0,15
52_-87,52.5,-86.5,Ontario,ON,0.9333333333333333,15
52_-88,52.5,-87.5,Ontario,ON,0.5862068965517241,58
52_-89,52.5,-88.5,Ontario,ON,0.7631578947368421,38
52_-90,52.5,-89.5,Ontario,ON,0.8205128205128205,39
52_-91,52.5,-90.5,Ontario,ON,0.95,40
52_-92,52.5,-91.5,Ontario,ON,0.8548387096774194,62
52_-93,52.5,-92.5,Ontario,ON,0.8947368421052632,38
52_-94,52.5,-93.5,Ontario,ON,0.7604166666666666,96
52_-95,52.5,-94.5,Ontario,ON,0.49586776859504134,121
52_-96,52.5,-95.5,Manitoba,MB,0.6261682242990654,107
52_-97,52.5,-96.5,Manitoba,MB,0.7,100
52_-98,52.5,-97.5,Manitoba,MB,0.2702702702702703,37
52_-99,52.5,-98.5,Manitoba,MB,0.5555555555555556,18
53_-100,53.5,-99.5,Manitoba,MB,0.5714285714285714,70
53_-101,53.5,-100.5,Manitoba,MB,0.2413793103448276,29
53_-102,53.5,-101.5,Manitoba,MB,0.5,48
53_-103,53.5,-102.5,Saskatchewan,SK,0.3883495145631068,206
53_-104,53.5,-103.5,Saskatchewan,SK,0.44285714285714284,70
53_-105,53.5,-104.5,Saskatchewan,SK,0.2875816993464052,153
53_-106,53.5,-105.5,Saskatchewan,SK,0.07476635514018691,642
53_-107,53.5,-106.5,Saskatchewan,SK,0.08383233532934131,334
53_-108,53.5,-107.5,Saskatchewan,SK,0.09821428571428571,336
53_-109,53.5,-108.5,Saskatchewan,SK,0.18032786885245902,61
53_-110,53.5,-109.5,Saskatchewan,SK,0.027777777777777776,36
53_-113,53.5,-112.5,Alberta,AB,0.04,25
53_-116,53.5,-115.5,Alberta,AB,0.2329192546583851,644
53_-117,53.5,-116.5,Alberta,AB,0.3616398243045388,683
53_-118,53.5,-117.5,Alberta,AB,0.2446601941747573,515
53_-119,53.5,-118.5,Alberta,AB,0.4881889763779528,127
53_-120,53.5,-119.5,British Columbia,BC,0.44,100
53_-121,53.5,-120.5,British Columbia,BC,0.8985507246376812,207
53_-122,53.5,-121.5,British Columbia,BC,0.9379310344827586,290
53_-123,53.5,-122.5,British Columbia,BC,0.40718562874251496,334
53_-124,53.5,-123.5,British Columbia,BC,0.5417867435158501,347
53_-125,53.5,-124.5,British Columbia,BC,0.6302521008403361,238
53_-126,53.5,-125.5,British Columbia,BC,0.5029940119760479,167
53_-127,53.5,-126.5,British Columbia,BC,0.8194444444444444,72
53_-128,53.5,-127.5,British Columbia,BC,0.9285714285714286,14
53_-129,53.5,-128.5,British Columbia,BC,0.5,14
53_-132,53.5,-131.5,British Columbia,BC,0.0,16
53_-133,53.5,-132.5,British Columbia,BC,0.13333333333333333,15
53_-61,53.5,-60.5,Newfoundland and Labrador,NL,0.09090909090909091,11
53_-73,53.5,-72.5,Quebec,QC,1.0,10
53_-74,53.5,-73.5,Quebec,QC,0.8846153846153846,26
53_-75,53.5,-74.5,Quebec,QC,0.9,10
53_-77,53.5,-76.5,Quebec,QC,0.7333333333333333,15
53_-78,53.5,-77.5,Quebec,QC,0.36,25
53_-79,53.5,-78.5,Quebec,QC,0.5319148936170213,47
53_-84,53.5,-83.5,Ontario,ON,1.0,11
53_-85,53.5,-84.5,Ontario,ON,1.0,12
53_-88,53.5,-87.5,Ontario,ON,0.8181818181818182,22
53_-89,53.5,-88.5,Ontario,ON,0.6,40
53_-90,53.5,-89.5,Ontario,ON,0.5641025641025641,78
53_-91,53.5,-90.5,Ontario,ON,0.8048780487804879,41
53_-92,53.5,-91.5,Ontario,ON,0.864406779661017,59
53_-93,53.5,-92.5,Ontario,ON,0.7843137254901961,51
53_-94,53.5,-93.5,Ontario,ON,0.65625,96
53_-95,53.5,-94.5,Manitoba,MB,0.1945945945945946,185
53_-96,53.5,-95.5,Manitoba,MB,0.918918918918919,37
53_-97,53.5,-96.5,Manitoba,MB,0.9696969696969697,33
53_-98,53.5,-97.5,Manitoba,MB,0.5084745762711864,59
54_-100,54.5,-99.5,Manitoba,MB,0.8433734939759037,83
54_-101,54.5,-100.5,Manitoba,MB,0.7802197802197802,91
54_-102,54.5,-101.5,Manitoba,MB,0.5240641711229946,187
54_-103,54.5,-102.5,Saskatchewan,SK,0.6382978723404256,141
54_-104,54.5,-103.5,Saskatchewan,SK,0.5714285714285714,168
54_-105,54.5,-104.5,Saskatchewan,SK,0.8827160493827161,162
54_-106,54.5,-105.5,Saskatchewan,SK,0.2887700534759358,374
54_-107,54.5,-106.5,Saskatchewan,SK,0.8914728682170543,129
54_-108,54.5,-107.5,Saskatchewan,SK,0.532258064516129,124
54_-109,54.5,-108.5,Saskatchewan,SK,0.21115537848605578,251
54_-110,54.5,-109.5,Saskatchewan,SK,0.06209150326797386,306
54_-111,54.5,-110.5,Alberta,AB,0.2011173184357542,179
54_-112,54.5,-111.5,Alberta,AB,0.1103448275862069,435
54_-113,54.5,-112.5,Alberta,AB,0.21505376344086022,93
54_-114,54.5,-113.5,Alberta,AB,0.1415929203539823,113
54_-115,54.5,-114.5,Alberta,AB,0.31983805668016196,247
54_-116,54.5,-115.5,Alberta,AB,0.37222222222222223,720
54_-117,54.5,-116.5,Alberta,AB,0.5590778097982709,347
54_-118,54.5,-117.5,Alberta,AB,0.6216931216931217,378
54_-119,54.5,-118.5,Alberta,AB,0.5039370078740157,381
54_-120,54.5,-119.5,Alberta,AB,0.5161290322580645,217
54_-121,54.5,-120.5,British Columbia,BC,0.8571428571428571,49
54_-122,54.5,-121.5,British Columbia,BC,0.8968253968253969,126
54_-123,54.5,-122.5,British Columbia,BC,0.6623931623931624,234
54_-124,54.5,-123.5,British Columbia,BC,0.695906432748538,171
54_-125,54.5,-124.5,British Columbia,BC,0.40131578947368424,304
54_-126,54.5,-125.5,British Columbia,BC,0.4228855721393035,201
54_-127,54.5,-126.5,British Columbia,BC,0.5108695652173914,184
54_-128,54.5,-127.5,British Columbia,BC,0.4492753623188406,138
54_-129,54.5,-128.5,British Columbia,BC,0.37777777777777777,225
54_-130,54.5,-129.5,British Columbia,BC,0.3333333333333333,12
54_-71,54.5,-70.5,Quebec,QC,1.0,10
54_-72,54.5,-71.5,Quebec,QC,1.0,13
54_-77,54.5,-76.5,Quebec,QC,1.0,12
54_-91,54.5,-90.5,Ontario,ON,0.8,10
54_-92,54.5,-91.5,Ontario,ON,0.5238095238095238,21
54_-93,54.5,-92.5,Ontario,ON,0.8461538461538461,13
54_-94,54.5,-93.5,Manitoba,MB,0.5102040816326531,49
54_-95,54.5,-94.5,Manitoba,MB,0.35064935064935066,154
54_-96,54.5,-95.5,Manitoba,MB,0.5698924731182796,93
54_-97,54.5,-96.5,Manitoba,MB,0.9545454545454546,44
54_-98,54.5,-97.5,Manitoba,MB,0.44285714285714284,140
54_-99,54.5,-98.5,Manitoba,MB,0.8235294117647058,68
55_-100,55.5,-99.5,Manitoba,MB,0.96,75
55_-101,55.5,-100.5,Manitoba,MB,0.9829059829059829,117
55_-102,55.5,-101.5,Manitoba,MB,0.5568862275449101,167
55_-103,55.5,-102.5,Saskatchewan,SK,0.17553191489361702,564
55_-104,55.5,-103.5,Saskatchewan,SK,0.8520710059171598,169
55_-105,55.5,-104.5,Saskatchewan,SK,0.7465753424657534,292
55_-106,55.5,-105.5,Saskatchewan,SK,0.6683937823834197,386
55_-107,55.5,-106.5,Saskatchewan,SK,0.808641975308642,162
55_-108,55.5,-107.5,Saskatchewan,SK,0.703125,256
55_-109,55.5,-108.5,Saskatchewan,SK,0.4412811387900356,281
55_-110,55.5,-109.5,Saskatchewan,SK,0.743801652892562,121
55_-111,55.5,-110.5,Alberta,AB,0.19932432432432431,888
55_-112,55.5,-111.5,Alberta,AB,0.5106382978723404,235
55_-113,55.5,-112.5,Alberta,AB,0.6788732394366197,355
55_-114,55.5,-113.5,Alberta,AB,0.27427597955706984,587
55_-115,55.5,-114.5,Alberta,AB,0.5284403669724771,545
55_-116,55.5,-115.5,Alberta,AB,0.26323119777158777,718
55_-117,55.5,-116.5,Alberta,AB,0.24833333333333332,600
55_-118,55.5,-117.5,Alberta,AB,0.12578616352201258,318
55_-119,55.5,-118.5,Alberta,AB,0.07665505226480836,287
55_-120,55.5,-119.5,Alberta,AB,0.2768595041322314,242
55_-121,55.5,-120.5,British Columbia,BC,0.2054794520547945,219
55_-122,55.5,-121.5,British Columbia,BC,0.2981366459627329,322
55_-123,55.5,-122.5,British Columbia,BC,0.6942148760330579,121
55_-124,55.5,-123.5,British Columbia,BC,0.5693430656934306,137
55_-125,55.5,-124.5,British Columbia,BC,0.8679245283018868,53
55_-126,55.5,-125.5,British Columbia,BC,0.8028169014084507,71
55_-127,55.5,-126.5,British Columbia,BC,0.9154929577464789,71
55_-128,55.5,-127.5,British Columbia,BC,0.30386740331491713,181
55_-129,55.5,-128.5,British Columbia,BC,0.34065934065934067,91
55_-130,55.5,-129.5,British Columbia,BC,0.7916666666666666,24
55_-86,55.5,-85.5,Ontario,ON,0.5,14
55_-88,55.5,-87.5,Ontario,ON,0.5,22
55_-93,55.5,-92.5,Manitoba,MB,0.5142857142857142,35
55_-94,55.5,-93.5,Manitoba,MB,0.9,20
55_-95,55.5,-94.5,Manitoba,MB,0.8571428571428571,21
55_-96,55.5,-95.5,Manitoba,MB,0.9672131147540983,61
55_-97,55.5,-96.5,Manitoba,MB,0.9761904761904762,42
55_-98,55.5,-97.5,Manitoba,MB,0.6222222222222222,90
55_-99,55.5,-98.5,Manitoba,MB,0.2826086956521739,230
56_-100,56.5,-99.5,Manitoba,MB,0.9215686274509803,51
56_-101,56.5,-100.5,Manitoba,MB,0.8588235294117647,85
56_-102,56.5,-101.5,Manitoba,MB,0.9139072847682119,151
56_-103,56.5,-102.5,Saskatchewan,SK,0.8058252427184466,103
56_-104,56.5,-103.5,Saskatchewan,SK,0.49537037037037035,216
56_-105,56.5,-104.5,Saskatchewan,SK,0.925,80
56_-106,56.5,-105.5,Saskatchewan,SK,0.9852941176470589,68
56_-107,56.5,-106.5,Saskatchewan,SK,0.9545454545454546,66
56_-108,56.5,-107.5,Saskatchewan,SK,0.9642857142857143,84
56_-109,56.5,-108.5,Saskatchewan,SK,0.6464646464646465,198
56_-110,56.5,-109.5,Saskatchewan,SK,0.5428571428571428,210
56_-111,56.5,-110.5,Alberta,AB,0.8065693430656934,274
56_-112,56.5,-111.5,Alberta,AB,0.47468354430379744,474
56_-113,56.5,-112.5,Alberta,AB,0.9683544303797469,316
56_-114,56.5,-113.5,Alberta,AB,0.8802083333333334,384
56_-115,56.5,-114.5,Alberta,AB,0.7916666666666666,384
56_-116,56.5,-115.5,Alberta,AB,0.7358490566037735,371
56_-117,56.5,-116.5,Alberta,AB,0.5875,480
56_-118,56.5,-117.5,Alberta,AB,0.18888888888888888,360
56_-119,56.5,-118.5,Alberta,AB,0.5387755102040817,245
56_-120,56.5,-119.5,Alberta,AB,0.465,200
56_-121,56.5,-120.5,British Columbia,BC,0.1375,240
56_-122,56.5,-121.5,British Columbia,BC,0.13523131672597866,281
56_-123,56.5,-122.5,British Columbia,BC,0.3888888888888889,90
56_-124,56.5,-123.5,British Columbia,BC,1.0,16
56_-125,56.5,-124.5,British Columbia,BC,0.7666666666666667,30
56_-126,56.5,-125.5,British Columbia,BC,0.6944444444444444,36
56_-127,56.5,-126.5,British Columbia,BC,0.9230769230769231,13
56_-128,56.5,-127.5,British Columbia,BC,1.0,15
56_-130,56.5,-129.5,British Columbia,BC,0.6111111111111112,18
56_-88,56.5,-87.5,Ontario,ON,0.25,36
56_-93,56.5,-92.5,Manitoba,MB,1.0,18
56_-94,56.5,-93.5,Manitoba,MB,0.9777777777777777,45
56_-95,56.5,-94.5,Manitoba,MB,0.9183673469387755,49
56_-96,56.5,-95.5,Manitoba,MB,0.9464285714285714,56
56_-97,56.5,-96.5,Manitoba,MB,0.20689655172413793,145
56_-98,56.5,-97.5,Manitoba,MB,0.7727272727272727,22
56_-99,56.5,-98.5,Manitoba,MB,0.8409090909090909,44
57_-100,57.5,-99.5,Manitoba,MB,1.0,12
57_-101,57.5,-100.5,Manitoba,MB,0.9782608695652174,46
57_-102,57.5,-101.5,Manitoba,MB,0.8947368421052632,57
57_-103,57.5,-102.5,Saskatchewan,SK,0.8441558441558441,77
57_-104,57.5,-103.5,Saskatchewan,SK,0.8709677419354839,124
57_-105,57.5,-104.5,Saskatchewan,SK,0.9824561403508771,57
57_-106,57.5,-105.5,Saskatchewan,SK,0.9272727272727272,55
57_-107,57.5,-106.5,Saskatchewan,SK,0.9056603773584906,53
57_-108,57.5,-107.5,Saskatchewan,SK,0.972972972972973,37
57_-109,57.5,-108.5,Saskatchewan,SK,0.9743589743589743,39
57_-110,57.5,-109.5,Saskatchewan,SK,0.918918918918919,37
57_-111,57.5,-110.5,Alberta,AB,0.9573170731707317,164
57_-112,57.5,-111.5,Alberta,AB,0.47342995169082125,207
57_-113,57.5,-112.5,Alberta,AB,0.9813953488372092,215
57_-114,57.5,-113.5,Alberta,AB,0.9958847736625515,243
57_-115,57.5,-114.5,Alberta,AB,0.9637096774193549,248
57_-116,57.5,-115.5,Alberta,AB,0.842741935483871,248
57_-117,57.5,-116.5,Alberta,AB,0.8362831858407079,226
57_-118,57.5,-117.5,Alberta,AB,0.3896551724137931,290
57_-119,57.5,-118.5,Alberta,AB,0.8739495798319328,119
57_-120,57.5,-119.5,Alberta,AB,0.9552238805970149,67
57_-121,57.5,-120.5,British Columbia,BC,0.8591549295774648,71
57_-122,57.5,-121.5,British Columbia,BC,0.8840579710144928,69
57_-123,57.5,-122.5,British Columbia,BC,0.7352941176470589,34
57_-124,57.5,-123.5,British Columbia,BC,0.15384615384615385,13
57_-126,57.5,-125.5,British Columbia,BC,0.42857142857142855,35
57_-131,57.5,-130.5,British Columbia,BC,0.5882352941176471,17
57_-132,57.5,-131.5,British Columbia,BC,0.36363636363636365,11
57_-95,57.5,-94.5,Manitoba,MB,0.9090909090909091,11
57_-96,57.5,-95.5,Manitoba,MB,0.9166666666666666,12
57_-98,57.5,-97.5,Manitoba,MB,1.0,10
58_-100,58.5,-99.5,Manitoba,MB,1.0,12
58_-101,58.5,-100.5,Manitoba,MB,1.0,21
58_-102,58.5,-101.5,Manitoba,MB,0.5714285714285714,21
58_-103,58.5,-102.5,Saskatchewan,SK,0.926829268292683,41
58_-104,58.5,-103.5,Saskatchewan,SK,0.42038216560509556,157
58_-105,58.5,-104.5,Saskatchewan,SK,0.9384615384615385,65
58_-106,58.5,-105.5,Saskatchewan,SK,0.8333333333333334,24
58_-107,58.5,-106.5,Saskatchewan,SK,1.0,23
58_-108,58.5,-107.5,Saskatchewan,SK,0.9354838709677419,31
58_-109,58.5,-108.5,Saskatchewan,SK,0.9787234042553191,47
58_-110,58.5,-109.5,Saskatchewan,SK,0.9444444444444444,36
58_-111,58.5,-110.5,Alberta,AB,0.8269230769230769,52
58_-112,58.5,-111.5,Alberta,AB,0.7073170731707317,82
58_-113,58.5,-112.5,Alberta,AB,0.972972972972973,37
58_-114,58.5,-113.5,Alberta,AB,0.9571428571428572,70
58_-115,58.5,-114.5,Alberta,AB,0.17192982456140352,570
58_-116,58.5,-115.5,Alberta,AB,0.27364864864864863,296
58_-117,58.5,-116.5,Alberta,AB,0.23940149625935161,401
58_-118,58.5,-117.5,Alberta,AB,0.4883720930232558,258
58_-119,58.5,-118.5,Alberta,AB,0.15789473684210525,703
58_-120,58.5,-119.5,Alberta,AB,0.7073170731707317,123
58_-121,58.5,-120.5,British Columbia,BC,0.9436619718309859,71
58_-122,58.5,-121.5,British Columbia,BC,0.9606299212598425,127
58_-123,58.5,-122.5,British Columbia,BC,0.7662337662337663,154
58_-124,58.5,-123.5,British Columbia,BC,0.5849056603773585,53
58_-125,58.5,-124.5,British Columbia,BC,0.3,10
58_-126,58.5,-125.5,British Columbia,BC,0.42105263157894735,19
58_-127,58.5,-126.5,British Columbia,BC,1.0,10
58_-128,58.5,-127.5,British Columbia,BC,0.6363636363636364,11
58_-131,58.5,-130.5,British Columbia,BC,0.5833333333333334,12
58_-98,58.5,-97.5,Manitoba,MB,1.0,15
58_-99,58.5,-98.5,Manitoba,MB,0.8461538461538461,13
59_-101,59.5,-100.5,Manitoba,MB,1.0,10
59_-103,59.5,-102.5,Saskatchewan,SK,1.0,15
59_-104,59.5,-103.5,Saskatchewan,SK,0.9642857142857143,28
59_-105,59.5,-104.5,Saskatchewan,SK,0.918918918918919,37
59_-106,59.5,-105.5,Saskatchewan,SK,0.41420118343195267,169
59_-107,59.5,-106.5,Saskatchewan,SK,0.9047619047619048,63
59_-108,59.5,-107.5,Saskatchewan,SK,0.5194805194805194,77
59_-109,59.5,-108.5,Saskatchewan,SK,0.7543859649122807,57
59_-110,59.5,-109.5,Saskatchewan,SK,0.9444444444444444,36
59_-111,59.5,-110.5,Alberta,AB,0.9821428571428571,112
59_-112,59.5,-111.5,Alberta,AB,0.923728813559322,118
59_-113,59.5,-112.5,Alberta,AB,0.9550561797752809,89
59_-114,59.5,-113.5,Alberta,AB,1.0,104
59_-115,59.5,-114.5,Alberta,AB,0.9859154929577465,71
59_-116,59.5,-115.5,Alberta,AB,1.0,70
59_-117,59.5,-116.5,Alberta,AB,0.9873417721518988,158
59_-118,59.5,-117.5,Alberta,AB,0.8636363636363636,330
59_-119,59.5,-118.5,Alberta,AB,0.8402366863905325,169
59_-120,59.5,-119.5,Alberta,AB,0.9402985074626866,201
59_-121,59.5,-120.5,British Columbia,BC,0.9785714285714285,140
59_-122,59.5,-121.5,British Columbia,BC,0.9810126582278481,158
59_-123,59.5,-122.5,British Columbia,BC,0.9222222222222223,90
59_-124,59.5,-123.5,British Columbia,BC,0.8970588235294118,68
59_-125,59.5,-124.5,British Columbia,BC,0.9090909090909091,22
59_-127,59.5,-126.5,British Columbia,BC,0.8181818181818182,11
59_-128,59.5,-127.5,British Columbia,BC,0.75,12
59_-129,59.5,-128.5,British Columbia,BC,0.9,30
59_-130,59.5,-129.5,British Columbia,BC,0.7391304347826086,23
59_-134,59.5,-133.5,British Columbia,BC,0.4,15
60_-104,60.5,-103.5,Northwest Territories,NT,1.0,11
60_-105,60.5,-104.5,Northwest Territories,NT,0.9545454545454546,22
60_-106,60.5,-105.5,Northwest Territories,NT,0.9523809523809523,21
60_-107,60.5,-106.5,Northwest Territories,NT,1.0,38
60_-108,60.5,-107.5,Northwest Territories,NT,1.0,52
60_-109,60.5,-108.5,Northwest Territories,NT,1.0,53
60_-110,60.5,-109.5,Northwest Territories,NT,1.0,19
60_-111,60.5,-110.5,Northwest Territories,NT,1.0,83
60_-112,60.5,-111.5,Northwest Territories,NT,0.9254658385093167,161
60_-113,60.5,-112.5,Northwest Territories,NT,0.8021978021978022,91
60_-114,60.5,-113.5,Northwest Territories,NT,0.9711538461538461,104
60_-115,60.5,-114.5,Northwest Territories,NT,0.9436619718309859,71
60_-116,60.5,-115.5,Northwest Territories,NT,0.6981132075471698,53
60_-117,60.5,-116.5,Northwest Territories,NT,0.9583333333333334,96
60_-118,60.5,-117.5,Northwest Territories,NT,0.9629629629629629,81
60_-119,60.5,-118.5,Northwest Territories,NT,1.0,66
60_-120,60.5,-119.5,Northwest Territories,NT,0.975,40
60_-121,60.5,-120.5,Northwest Territories,NT,0.9846153846153847,65
60_-122,60.5,-121.5,Northwest Territories,NT,0.9710144927536232,69
60_-123,60.5,-122.5,Northwest Territories,NT,0.975,40
60_-124,60.5,-123.5,Northwest Territories,NT,0.8305084745762712,59
60_-125,60.5,-124.5,Yukon,YT,1.0,16
60_-126,60.5,-125.5,Yukon,YT,1.0,22
60_-127,60.5,-126.5,Yukon,YT,1.0,23
60_-128,60.5,-127.5,Yukon,YT,1.0,21
60_-129,60.5,-128.5,Yukon,YT,0.5306122448979592,49
60_-130,60.5,-129.5,Yukon,YT,0.8205128205128205,39
60_-131,60.5,-130.5,Yukon,YT,0.8636363636363636,22
60_-133,60.5,-132.5,Yukon,YT,0.5333333333333333,15
60_-134,60.5,-133.5,Yukon,YT,0.6,20
60_-135,60.5,-134.5,Yukon,YT,0.2808988764044944,89
60_-136,60.5,-135.5,Yukon,YT,0.05555555555555555,126
60_-137,60.5,-136.5,Yukon,YT,0.3333333333333333,18
60_-138,60.5,-137.5,Yukon,YT,0.1388888888888889,36
61_-106,61.5,-105.5,Northwest Territories,NT,1.0,17
61_-107,61.5,-106.5,Northwest Territories,NT,1.0,10
61_-108,61.5,-107.5,Northwest Territories,NT,1.0,24
61_-109,61.5,-108.5,Northwest Territories,NT,1.0,24
61_-110,61.5,-109.5,Northwest Territories,NT,1.0,27
61_-111,61.5,-110.5,Northwest Territories,NT,1.0,37
61_-112,61.5,-111.5,Northwest Territories,NT,1.0,34
61_-113,61.5,-112.5,Northwest Territories,NT,0.9827586206896551,58
61_-114,61.5,-113.5,Northwest Territories,NT,0.5384615384615384,39
61_-116,61.5,-115.5,Northwest Territories,NT,1.0,13
61_-117,61.5,-116.5,Northwest Territories,NT,0.8387096774193549,31
61_-118,61.5,-117.5,Northwest Territories,NT,0.625,56
61_-119,61.5,-118.5,Northwest Territories,NT,0.8,25
61_-120,61.5,-119.5,Northwest Territories,NT,0.8421052631578947,19
61_-121,61.5,-120.5,Northwest Territories,NT,0.9672131147540983,61
61_-122,61.5,-121.5,Northwest Territories,NT,0.8461538461538461,52
61_-123,61.5,-122.5,Northwest Territories,NT,1.0,46
61_-124,61.5,-123.5,Northwest Territories,NT,1.0,21
61_-125,61.5,-124.5,Northwest Territories,NT,1.0,16
61_-126,61.5,-125.5,Northwest Territories,NT,1.0,15
61_-127,61.5,-126.5,Northwest Territories,NT,1.0,15
61_-130,61.5,-129.5,Yukon,YT,1.0,24
61_-133,61.5,-132.5,Yukon,YT,0.13636363636363635,22
61_-135,61.5,-134.5,Yukon,YT,0.7692307692307693,13
61_-136,61.5,-135.5,Yukon,YT,0.44642857142857145,56
61_-137,61.5,-136.5,Yukon,YT,0.6666666666666666,12
61_-138,61.5,-137.5,Yukon,YT,0.8666666666666667,15
61_-139,61.5,-138.5,Yukon,YT,0.0,12
62_-108,62.5,-107.5,Northwest Territories,NT,0.9230769230769231,13
62_-109,62.5,-108.5,Northwest Territories,NT,1.0,21
62_-111,62.5,-110.5,Northwest Territories,NT,0.7575757575757576,33
62_-112,62.5,-111.5,Northwest Territories,NT,0.875,32
62_-113,62.5,-112.5,Northwest Territories,NT,0.84375,32
62_-114,62.5,-113.5,Northwest Territories,NT,0.6923076923076923,78
62_-115,62.5,-114.5,Northwest Territories,NT,0.4909090909090909,110
62_-116,62.5,-115.5,Northwest Territories,NT,0.8709677419354839,62
62_-117,62.5,-116.5,Northwest Territories,NT,0.7230769230769231,65
62_-118,62.5,-117.5,Northwest Territories,NT,1.0,10
62_-121,62.5,-120.5,Northwest Territories,NT,1.0,14
62_-122,62.5,-121.5,Northwest Territories,NT,1.0,20
62_-123,62.5,-122.5,Northwest Territories,NT,0.9019607843137255,51
62_-124,62.5,-123.5,Northwest Territories,NT,0.918918918918919,37
62_-125,62.5,-124.5,Northwest Territories,NT,1.0,10
62_-131,62.5,-130.5,Yukon,YT,1.0,21
62_-132,62.5,-131.5,Yukon,YT,1.0,15
62_-133,62.5,-132.5,Yukon,YT,0.8,25
62_-134,62.5,-133.5,Yukon,YT,0.6666666666666666,21
62_-135,62.5,-134.5,Yukon,YT,0.9411764705882353,17
62_-136,62.5,-135.5,Yukon,YT,0.8,40
62_-137,62.5,-136.5,Yukon,YT,0.6056338028169014,71
62_-138,62.5,-137.5,Yukon,YT,0.84,25
62_-139,62.5,-138.5,Yukon,YT,1.0,17
62_-140,62.5,-139.5,Yukon,YT,1.0,15
62_-141,62.5,-140.5,Yukon,YT,1.0,22
63_-113,63.5,-112.5,Northwest Territories,NT,0.9444444444444444,18
63_-114,63.5,-113.5,Northwest Territories,NT,1.0,20
63_-115,63.5,-114.5,Northwest Territories,NT,1.0,38
63_-116,63.5,-115.5,Northwest Territories,NT,0.926829268292683,82
63_-117,63.5,-116.5,Northwest Territories,NT,0.8125,48
63_-118,63.5,-117.5,Northwest Territories,NT,0.9142857142857143,35
63_-119,63.5,-118.5,Northwest Territories,NT,0.8888888888888888,18
63_-122,63.5,-121.5,Northwest Territories,NT,1.0,14
63_-123,63.5,-122.5,Northwest Territories,NT,1.0,15
63_-124,63.5,-123.5,Northwest Territories,NT,0.967741935483871,31
63_-126,63.5,-125.5,Northwest Territories,NT,1.0,10
63_-132,63.5,-131.5,Yukon,YT,1.0,13
63_-134,63.5,-133.5,Yukon,YT,1.0,19
63_-135,63.5,-134.5,Yukon,YT,1.0,26
63_-136,63.5,-135.5,Yukon,YT,0.65,60
63_-137,63.5,-136.5,Yukon,YT,0.8181818181818182,44
63_-138,63.5,-137.5,Yukon,YT,0.8666666666666667,30
63_-139,63.5,-138.5,Yukon,YT,0.9166666666666666,48
63_-140,63.5,-139.5,Yukon,YT,0.958904109589041,73
63_-141,63.5,-140.5,Yukon,YT,0.9772727272727273,44
64_-114,64.5,-113.5,Northwest Territories,NT,1.0,19
64_-115,64.5,-114.5,Northwest Territories,NT,1.0,22
64_-116,64.5,-115.5,Northwest Territories,NT,1.0,20
64_-117,64.5,-116.5,Northwest Territories,NT,1.0,18
64_-118,64.5,-117.5,Northwest Territories,NT,0.875,24
64_-119,64.5,-118.5,Northwest Territories,NT,1.0,15
64_-120,64.5,-119.5,Northwest Territories,NT,1.0,15
64_-121,64.5,-120.5,Northwest Territories,NT,1.0,11
64_-122,64.5,-121.5,Northwest Territories,NT,1.0,11
64_-123,64.5,-122.5,Northwest Territories,NT,1.0,12
64_-124,64.5,-123.5,Northwest Territories,NT,1.0,17
64_-125,64.5,-124.5,Northwest Territories,NT,1.0,14
64_-126,64.5,-125.5,Northwest Territories,NT,0.6595744680851063,47
64_-127,64.5,-126.5,Northwest Territories,NT,0.5625,16
64_-135,64.5,-134.5,Yukon,YT,0.9230769230769231,13
64_-138,64.5,-137.5,Yukon,YT,0.9090909090909091,11
64_-139,64.5,-138.5,Yukon,YT,0.9090909090909091,22
64_-140,64.5,-139.5,Yukon,YT,0.62,50
64_-141,64.5,-140.5,Yukon,YT,1.0,27
65_-117,65.5,-116.5,Northwest Territories,NT,1.0,18
65_-118,65.5,-117.5,Northwest Territories,NT,1.0,10
65_-119,65.5,-118.5,Northwest Territories,NT,1.0,13
65_-124,65.5,-123.5,Northwest Territories,NT,0.9444444444444444,18
65_-125,65.5,-124.5,Northwest Territories,NT,1.0,16
65_-126,65.5,-125.5,Northwest Territories,NT,0.9090909090909091,11
65_-127,65.5,-126.5,Northwest Territories,NT,0.675,40
65_-128,65.5,-127.5,Northwest Territories,NT,0.8571428571428571,42
65_-129,65.5,-128.5,Northwest Territories,NT,0.8421052631578947,19
65_-130,65.5,-129.5,Northwest Territories,NT,1.0,12
65_-131,65.5,-130.5,Northwest Territories,NT,1.0,11
65_-132,65.5,-131.5,Northwest Territories,NT,1.0,10
65_-134,65.5,-133.5,Yukon,YT,1.0,14
65_-135,65.5,-134.5,Yukon,YT,1.0,10
65_-136,65.5,-135.5,Yukon,YT,1.0,12
65_-137,65.5,-136.5,Yukon,YT,1.0,13
65_-138,65.5,-137.5,Yukon,YT,1.0,15
65_-139,65.5,-138.5,Yukon,YT,1.0,13
65_-141,65.5,-140.5,Yukon,YT,1.0,11
66_-128,66.5,-127.5,Northwest Territories,NT,0.9285714285714286,14
66_-129,66.5,-128.5,Northwest Territories,NT,0.38095238095238093,21
66_-131,66.5,-130.5,Northwest Territories,NT,1.0,13
66_-133,66.5,-132.5,Northwest Territories,NT,1.0,10
66_-134,66.5,-133.5,Northwest Territories,NT,1.0,10
66_-135,66.5,-134.5,Yukon,YT,1.0,27
66_-136,66.5,-135.5,Yukon,YT,1.0,12
66_-137,66.5,-136.5,Yukon,YT,1.0,23
66_-141,66.5,-140.5,Yukon,YT,1.0,15
67_-133,67.5,-132.5,Northwest Territories,NT,0.9285714285714286,14
67_-135,67.5,-134.5,Northwest Territories,NT,0.5555555555555556,27
67_-136,67.5,-135.5,Northwest Territories,NT,0.96,25
67_-138,67.5,-137.5,Yukon,YT,1.0,11
67_-139,67.5,-138.5,Yukon,YT,1.0,11
67_-140,67.5,-139.5,Yukon,YT,0.8666666666666667,15
68_-133,68.5,-132.5,Northwest Territories,NT,1.0,13
68_-134,68.5,-133.5,Northwest Territories,NT,0.39285714285714285,28
