date,cells,fires,fires_in_top_decile,large_fires,large_in_top_decile,mean_risk,mean_fwi,year
2020-04-01,771,2,2,0,0,0.0062101576,3.3859491,2020
2020-04-02,771,1,1,0,0,0.0064760316,3.390112,2020
2020-04-03,771,0,0,0,0,0.0058926796,2.7464037,2020
2020-04-04,771,2,1,0,0,0.0061982237,3.1573799,2020
2020-04-05,771,1,1,0,0,0.0068206354,4.4447813,2020
2020-04-06,771,8,2,0,0,0.008980807,7.7990694,2020
2020-04-07,771,8,2,0,0,0.010485332,8.5030775,2020
2020-04-08,771,6,3,0,0,0.010195424,6.451621,2020
2020-04-09,771,9,6,0,0,0.01047428,5.4833837,2020
2020-04-10,771,5,5,0,0,0.009015113,6.3810554,2020
2020-04-11,771,2,2,0,0,0.009457482,11.012899,2020
2020-04-12,771,12,10,0,0,0.011765569,9.323964,2020
2020-04-13,771,7,4,0,0,0.011393356,7.966873,2020
2020-04-14,771,4,1,0,0,0.01164558,5.9232125,2020
2020-04-15,771,5,3,1,1,0.013173552,9.575402,2020
2020-04-16,771,9,4,0,0,0.014797271,9.50134,2020
2020-04-17,771,4,2,0,0,0.015582042,6.499356,2020
2020-04-18,771,16,7,0,0,0.017087288,5.3334837,2020
2020-04-19,771,25,15,0,0,0.01777469,6.1229944,2020
2020-04-20,771,17,12,0,0,0.020077929,6.7282844,2020
2020-04-21,771,22,13,0,0,0.02269126,9.894282,2020
2020-04-22,771,18,13,0,0,0.018733207,9.030861,2020
2020-04-23,771,12,6,0,0,0.019786615,9.641864,2020
2020-04-24,771,30,10,0,0,0.024124334,7.2180247,2020
2020-04-25,771,48,27,0,0,0.031703915,8.398043,2020
2020-04-26,771,40,20,0,0,0.034211554,9.547089,2020
2020-04-27,771,16,9,0,0,0.027566912,7.8251243,2020
2020-04-28,771,37,16,0,0,0.030341431,8.881846,2020
2020-04-29,771,43,20,0,0,0.034512408,10.3288965,2020
2020-04-30,771,28,9,1,0,0.030515755,8.7618685,2020
2020-05-01,771,18,9,0,0,0.032565065,7.2096596,2020
2020-05-02,771,15,9,0,0,0.02945859,6.900371,2020
2020-05-03,771,22,12,0,0,0.028882753,7.043765,2020
2020-05-04,771,17,8,0,0,0.024290204,5.3613844,2020
2020-05-05,771,20,11,0,0,0.028385682,6.195937,2020
2020-05-06,771,19,9,1,1,0.031201696,7.429387,2020
2020-05-07,771,20,8,0,0,0.02916011,7.411146,2020
2020-05-08,771,17,7,0,0,0.025750222,8.22214,2020
2020-05-09,771,19,7,0,0,0.026572417,9.0717535,2020
2020-05-10,771,16,6,0,0,0.028366249,10.91139,2020
2020-05-11,771,15,4,0,0,0.029976435,11.600913,2020
2020-05-12,771,23,4,0,0,0.03319196,13.711791,2020
2020-05-13,771,45,12,0,0,0.036202416,13.450962,2020
2020-05-14,771,34,5,0,0,0.03454933,9.355935,2020
2020-05-15,771,35,19,0,0,0.030625233,7.9787574,2020
2020-05-16,771,26,14,2,0,0.034370568,9.509527,2020
2020-05-17,771,47,16,1,1,0.03676307,9.360153,2020
2020-05-18,771,48,6,1,0,0.036155082,9.639089,2020
2020-05-19,771,23,4,1,1,0.037844367,9.688742,2020
2020-05-20,771,59,17,0,0,0.040747877,9.43548,2020
2020-05-21,771,64,16,0,0,0.038293876,10.239064,2020
2020-05-22,771,53,8,2,0,0.036771882,9.460061,2020
2020-05-23,771,63,21,0,0,0.038140275,9.708334,2020
2020-05-24,771,46,17,0,0,0.04049876,10.579161,2020
2020-05-25,771,27,9,1,0,0.03626011,10.252923,2020
2020-05-26,771,19,6,0,0,0.03274585,8.942432,2020
2020-05-27,771,20,7,0,0,0.0321597,7.3562093,2020
2020-05-28,771,21,8,0,0,0.034114886,7.6806593,2020
2020-05-29,771,21,7,0,0,0.033472862,8.787894,2020
2020-05-30,771,21,11,0,0,0.03372057,10.677817,2020
2020-05-31,771,16,6,2,2,0.029994922,10.304016,2020
2020-06-01,771,13,6,1,0,0.021758843,6.13149,2020
2020-06-02,771,11,5,0,0,0.023352101,6.8356395,2020
2020-06-03,771,12,3,0,0,0.022026444,7.832437,2020
2020-06-04,771,25,5,0,0,0.021546073,7.358924,2020
2020-06-05,771,12,3,0,0,0.022634108,7.3091536,2020
2020-06-06,771,6,1,0,0,0.019325176,7.6643195,2020
2020-06-07,771,6,2,0,0,0.017044706,6.8008595,2020
2020-06-08,771,7,0,0,0,0.017838484,5.1315465,2020
2020-06-09,771,7,0,0,0,0.01899889,4.794037,2020
2020-06-10,771,7,1,0,0,0.021210795,6.05013,2020
2020-06-11,771,17,7,0,0,0.020510186,5.620094,2020
2020-06-12,771,8,3,0,0,0.02158229,6.4242673,2020
2020-06-13,771,12,9,2,0,0.023543837,8.2387085,2020
2020-06-14,771,15,1,2,0,0.025038788,10.102289,2020
2020-06-15,771,10,0,1,0,0.026179073,10.785325,2020
2020-06-16,771,25,4,2,1,0.03104276,10.686815,2020
2020-06-17,771,29,1,1,0,0.03299148,8.930116,2020
2020-06-18,771,25,2,1,0,0.038506992,10.102452,2020
2020-06-19,771,29,5,0,0,0.043206874,10.599019,2020
2020-06-20,771,33,2,0,0,0.046475362,8.916827,2020
2020-06-21,771,14,2,1,1,0.042770345,8.352088,2020
2020-06-22,771,24,2,0,0,0.04274361,8.911224,2020
2020-06-23,771,27,3,2,0,0.044799566,9.55886,2020
2020-06-24,771,18,3,3,2,0.038920734,8.898211,2020
2020-06-25,771,12,3,1,0,0.04107379,8.733085,2020
2020-06-26,771,16,1,2,0,0.038056884,8.306845,2020
2020-06-27,771,23,3,1,1,0.036068518,7.895785,2020
2020-06-28,771,24,4,2,0,0.0325529,7.1959734,2020
2020-06-29,771,8,2,2,0,0.03691363,8.203792,2020
2020-06-30,771,19,4,1,1,0.040705033,8.9337,2020
2020-07-01,771,19,2,1,0,0.04226676,8.460127,2020
2020-07-02,771,29,3,1,0,0.040847693,5.5700088,2020
2020-07-03,771,39,6,2,1,0.041482132,6.359859,2020
2020-07-04,771,46,6,0,0,0.04248563,7.0218043,2020
2020-07-05,771,67,12,1,1,0.039683904,7.067427,2020
2020-07-06,771,22,7,0,0,0.039049506,7.2911654,2020
2020-07-07,771,32,4,0,0,0.03739546,7.8299565,2020
2020-07-08,771,18,2,0,0,0.036318693,6.509994,2020
2020-07-09,771,28,6,1,0,0.0373287,5.526061,2020
2020-07-10,771,21,2,2,0,0.03872588,5.678549,2020
2020-07-11,771,4,1,0,0,0.03610447,4.6450405,2020
2020-07-12,771,11,4,0,0,0.031240214,4.713157,2020
2020-07-13,771,16,4,1,0,0.027599955,4.382516,2020
2020-07-14,771,15,6,0,0,0.026843369,4.95003,2020
2020-07-15,771,12,3,0,0,0.029769724,6.369717,2020
2020-07-16,771,18,7,1,0,0.029721618,5.3352456,2020
2020-07-17,771,10,0,0,0,0.029615154,5.0241885,2020
2020-07-18,771,13,2,0,0,0.03307494,5.5304832,2020
2020-07-19,771,16,6,1,1,0.030633012,4.7186894,2020
2020-07-20,771,14,1,0,0,0.03242555,5.129716,2020
2020-07-21,771,18,3,0,0,0.034556683,6.2830353,2020
2020-07-22,771,19,4,4,3,0.038557213,6.331126,2020
2020-07-23,771,21,5,2,2,0.036849312,5.872325,2020
2020-07-24,771,24,6,1,0,0.035887107,6.0645523,2020
2020-07-25,771,28,13,0,0,0.037990663,5.87291,2020
2020-07-26,771,19,4,0,0,0.0392915,6.6795588,2020
2020-07-27,771,17,9,0,0,0.04488736,8.217631,2020
2020-07-28,771,11,3,0,0,0.04681264,7.242248,2020
2020-07-29,771,9,7,0,0,0.046968073,6.3246713,2020
2020-07-30,771,20,9,0,0,0.049174193,7.2629995,2020
2020-07-31,771,63,45,0,0,0.057397198,9.049118,2020
2020-08-01,771,53,33,1,0,0.058447078,10.152744,2020
2020-08-02,771,23,11,0,0,0.05651936,11.024222,2020
2020-08-03,771,45,21,1,1,0.04762328,10.026303,2020
2020-08-04,771,27,10,0,0,0.04144537,8.686004,2020
2020-08-05,771,10,3,0,0,0.043209095,9.211276,2020
2020-08-06,771,28,13,0,0,0.049955267,8.853659,2020
2020-08-07,771,23,4,0,0,0.045040797,9.035799,2020
2020-08-08,771,51,10,2,0,0.04090541,8.327517,2020
2020-08-09,771,37,5,1,0,0.036351755,8.335343,2020
2020-08-10,771,27,4,1,0,0.032926776,8.76607,2020
2020-08-11,771,35,7,1,0,0.031975217,8.802459,2020
2020-08-12,771,21,5,1,0,0.028792936,7.262537,2020
2020-08-13,771,21,6,0,0,0.02930773,6.548498,2020
2020-08-14,771,11,4,0,0,0.028803915,5.7861805,2020
2020-08-15,771,23,11,0,0,0.031349123,7.3970327,2020
2020-08-16,771,48,27,1,1,0.0341203,8.064428,2020
2020-08-17,771,91,65,3,2,0.037646305,7.919872,2020
2020-08-18,771,48,32,1,1,0.039166387,7.492293,2020
2020-08-19,771,20,10,0,0,0.034836125,6.3582854,2020
2020-08-20,771,17,3,0,0,0.030797726,5.865853,2020
2020-08-21,771,25,10,0,0,0.025856884,5.5553102,2020
2020-08-22,771,21,6,0,0,0.022081256,5.350493,2020
2020-08-23,771,14,6,0,0,0.022918317,5.3783507,2020
2020-08-24,771,19,4,0,0,0.021635812,5.4008746,2020
2020-08-25,771,8,0,0,0,0.019196983,4.3169923,2020
2020-08-26,771,16,2,0,0,0.017504085,4.288282,2020
2020-08-27,771,14,3,0,0,0.017723273,4.79873,2020
2020-08-28,771,21,9,0,0,0.018286804,5.2221894,2020
2020-08-29,771,21,10,0,0,0.017671041,5.6504693,2020
2020-08-30,771,13,3,0,0,0.016692344,4.7475743,2020
2020-08-31,771,2,0,0,0,0.016075747,4.059017,2020
2020-09-01,771,11,4,0,0,0.014034753,4.98975,2020
2020-09-02,771,6,4,0,0,0.013815684,3.7987309,2020
2020-09-03,771,5,2,0,0,0.01348976,3.4800267,2020
2020-09-04,771,4,3,1,0,0.01455607,4.1420956,2020
2020-09-05,771,21,6,0,0,0.016645532,4.7311754,2020
2020-09-06,771,16,1,0,0,0.016545368,4.538649,2020
2020-09-07,771,24,9,0,0,0.014508139,4.84596,2020
2020-09-08,771,9,3,0,0,0.013110114,5.3995175,2020
2020-09-09,771,11,3,0,0,0.012824691,4.8601346,2020
2020-09-10,771,6,2,0,0,0.013719408,5.0332427,2020
2020-09-11,771,5,3,0,0,0.013877197,5.339096,2020
2020-09-12,771,7,4,0,0,0.013524505,4.929639,2020
2020-09-13,771,8,3,0,0,0.012130941,4.087445,2020
2020-09-14,771,4,1,0,0,0.010005718,3.6650643,2020
2020-09-15,771,5,1,0,0,0.009390478,3.8698235,2020
2020-09-16,771,14,2,0,0,0.010444646,4.726749,2020
2020-09-17,771,5,2,0,0,0.010592081,5.5877924,2020
2020-09-18,771,9,5,0,0,0.011236799,6.2596292,2020
2020-09-19,771,13,6,0,0,0.0101977335,6.2500725,2020
2020-09-20,771,8,3,0,0,0.010138471,5.8941,2020
2020-09-21,771,14,0,0,0,0.010303933,5.6699715,2020
2020-09-22,771,9,2,0,0,0.010102891,5.596233,2020
2020-09-23,771,6,1,0,0,0.009218782,5.5428133,2020
2020-09-24,771,8,0,0,0,0.008083814,4.819527,2020
2020-09-25,771,8,2,0,0,0.0080011645,4.058125,2020
2020-09-26,771,7,2,0,0,0.008398591,4.271182,2020
2020-09-27,771,9,1,0,0,0.008290181,3.798816,2020
2020-09-28,771,5,2,0,0,0.009078967,4.4125023,2020
2020-09-29,771,10,3,0,0,0.0091212485,5.6995516,2020
2020-09-30,771,4,2,0,0,0.0082761105,4.537071,2020
2020-10-01,771,8,6,0,0,0.0069337417,4.2028527,2020
2020-10-02,771,5,4,0,0,0.0069082472,3.9817753,2020
2020-10-03,771,9,9,0,0,0.007303775,4.1371536,2020
2020-10-04,771,5,3,0,0,0.007160483,5.5567803,2020
2020-10-05,771,8,4,0,0,0.0067517655,5.0972247,2020
2020-10-06,771,12,4,0,0,0.006635873,4.67103,2020
2020-10-07,771,4,3,0,0,0.005873691,3.0676622,2020
2020-10-08,771,4,3,0,0,0.0049760225,2.823926,2020
2020-10-09,771,9,5,0,0,0.004554344,2.3876367,2020
2020-10-10,771,5,3,0,0,0.004595208,2.6060672,2020
2020-10-11,771,4,2,0,0,0.004080509,2.9181674,2020
2020-10-12,771,1,1,0,0,0.0035503046,2.1847494,2020
2020-10-13,771,4,2,0,0,0.0033185254,2.3649971,2020
2020-10-14,771,1,1,0,0,0.002984671,2.1400661,2020
2020-10-15,771,3,0,0,0,0.0028491414,2.4138017,2020
2020-10-16,771,1,0,0,0,0.0027213146,1.8345062,2020
2020-10-17,771,0,0,0,0,0.002520365,1.6031693,2020
2020-10-18,771,1,0,0,0,0.002391262,1.2928888,2020
2020-10-19,771,1,1,0,0,0.002338718,1.149721,2020
2020-10-20,771,2,0,0,0,0.0023756512,1.1522589,2020
2020-10-21,771,1,0,0,0,0.0021848103,1.2501949,2020
2020-10-22,771,0,0,0,0,0.0022640177,1.2782798,2020
2020-10-23,771,1,0,0,0,0.0022527294,1.2413851,2020
2020-10-24,771,0,0,0,0,0.0022263543,1.4810432,2020
2020-10-25,771,0,0,0,0,0.0023423738,1.7175229,2020
2020-10-26,771,4,2,0,0,0.0022902223,1.5807968,2020
2020-10-27,771,1,1,0,0,0.0022961374,1.1501929,2020
2020-10-28,771,0,0,0,0,0.002177726,0.95017743,2020
2020-10-29,771,0,0,0,0,0.002192329,1.0285265,2020
2020-10-30,771,4,2,0,0,0.0022875385,1.0150956,2020
2020-10-31,771,1,0,0,0,0.0023684674,1.2751757,2020
2021-04-01,771,9,2,0,0,0.011854189,6.4443088,2021
2021-04-02,771,5,3,0,0,0.010202243,5.8139434,2021
2021-04-03,771,6,2,1,0,0.011101316,5.413425,2021
2021-04-04,771,9,3,1,0,0.012110178,9.046992,2021
2021-04-05,771,15,6,4,2,0.01398632,8.140741,2021
2021-04-06,771,8,1,1,1,0.014979623,7.299289,2021
2021-04-07,771,10,4,1,1,0.01588144,9.993149,2021
2021-04-08,771,11,3,1,1,0.013524805,6.723187,2021
2021-04-09,771,14,4,0,0,0.0148468595,6.6854243,2021
2021-04-10,771,26,12,1,1,0.014854623,7.125545,2021
2021-04-11,771,22,2,0,0,0.014992583,7.2176476,2021
2021-04-12,771,14,1,0,0,0.0146081755,6.997536,2021
2021-04-13,771,22,4,0,0,0.01839694,6.139854,2021
2021-04-14,771,21,6,0,0,0.022617463,6.520236,2021
2021-04-15,771,36,9,1,0,0.027564362,6.2152615,2021
2021-04-16,771,37,14,0,0,0.031594012,7.727347,2021
2021-04-17,771,29,5,0,0,0.030979,8.240443,2021
2021-04-18,771,20,8,0,0,0.023337118,7.3072233,2021
2021-04-19,771,19,5,0,0,0.024708774,7.128674,2021
2021-04-20,771,26,5,0,0,0.026739977,7.413443,2021
2021-04-21,771,21,4,0,0,0.032440905,10.332532,2021
2021-04-22,771,17,11,1,0,0.023258995,10.328098,2021
2021-04-23,771,21,11,0,0,0.024640556,7.5116925,2021
2021-04-24,771,45,25,0,0,0.029671306,7.9318933,2021
2021-04-25,771,25,4,0,0,0.032591578,8.650852,2021
2021-04-26,771,17,7,1,0,0.025836542,7.704738,2021
2021-04-27,771,9,4,0,0,0.021668252,5.2819886,2021
2021-04-28,771,22,3,0,0,0.023885502,4.5728693,2021
2021-04-29,771,20,9,1,1,0.026452946,5.6613793,2021
2021-04-30,771,32,8,2,0,0.028097175,7.6684823,2021
2021-05-01,771,18,6,1,0,0.0323059,6.9340115,2021
2021-05-02,771,16,8,0,0,0.028676067,5.047696,2021
2021-05-03,771,13,7,0,0,0.02977651,5.021799,2021
2021-05-04,771,11,3,0,0,0.031154959,5.0359907,2021
2021-05-05,771,26,7,0,0,0.03255464,6.1584044,2021
2021-05-06,771,25,6,3,2,0.03262712,9.752548,2021
2021-05-07,771,26,8,0,0,0.028326238,8.347646,2021
2021-05-08,771,23,7,1,0,0.02879813,7.324497,2021
2021-05-09,771,17,8,0,0,0.029704062,7.0564775,2021
2021-05-10,771,35,12,0,0,0.030534005,7.47766,2021
2021-05-11,771,26,7,1,0,0.032157436,8.790706,2021
2021-05-12,771,31,5,4,1,0.034340203,10.085029,2021
2021-05-13,771,33,11,2,2,0.038694542,10.615666,2021
2021-05-14,771,50,15,1,0,0.043433152,9.382323,2021
2021-05-15,771,57,14,1,0,0.045367662,8.692304,2021
2021-05-16,771,43,11,4,2,0.04542094,8.516772,2021
2021-05-17,771,32,9,5,2,0.040880375,9.272645,2021
2021-05-18,771,37,15,5,3,0.037351247,9.33456,2021
2021-05-19,771,20,4,1,0,0.036052417,7.871167,2021
2021-05-20,771,18,4,0,0,0.033067416,7.137887,2021
2021-05-21,771,23,5,0,0,0.037865985,8.246792,2021
2021-05-22,771,50,15,0,0,0.038207654,8.788036,2021
2021-05-23,771,54,21,0,0,0.033644028,7.873082,2021
2021-05-24,771,34,8,1,1,0.02986016,6.8713326,2021
2021-05-25,771,32,9,0,0,0.028327134,5.839139,2021
2021-05-26,771,30,7,2,0,0.026603384,5.761041,2021
2021-05-27,771,30,12,1,1,0.024566354,4.9882035,2021
2021-05-28,771,19,8,0,0,0.024761787,7.066882,2021
2021-05-29,771,31,5,0,0,0.029353967,8.471436,2021
2021-05-30,771,33,7,0,0,0.03398306,9.272746,2021
2021-05-31,771,27,13,0,0,0.03577266,10.7638445,2021
2021-06-01,771,22,5,0,0,0.037417598,11.402833,2021
2021-06-02,771,28,10,2,1,0.04585645,12.602615,2021
2021-06-03,771,30,5,5,0,0.046471864,12.104611,2021
2021-06-04,771,122,39,6,1,0.042673286,10.281347,2021
2021-06-05,771,64,27,2,1,0.036583044,8.406944,2021
2021-06-06,771,48,19,1,0,0.031631965,6.8941545,2021
2021-06-07,771,48,9,4,1,0.031431057,7.183057,2021
2021-06-08,771,40,18,0,0,0.034401268,8.403346,2021
2021-06-09,771,32,8,4,1,0.03174159,10.077013,2021
2021-06-10,771,17,2,0,0,0.025730284,8.202266,2021
2021-06-11,771,14,2,0,0,0.024234159,7.3955,2021
2021-06-12,771,25,6,0,0,0.028237352,7.433149,2021
2021-06-13,771,53,17,0,0,0.036215305,8.82265,2021
2021-06-14,771,46,12,0,0,0.041998293,9.74135,2021
2021-06-15,771,24,4,0,0,0.03760312,9.918063,2021
2021-06-16,771,42,15,1,0,0.02983638,9.482816,2021
2021-06-17,771,18,3,2,1,0.029058248,11.00268,2021
2021-06-18,771,38,7,4,0,0.030657155,9.615868,2021
2021-06-19,771,14,6,1,0,0.029100066,8.734182,2021
2021-06-20,771,16,6,0,0,0.030973652,9.746562,2021
2021-06-21,771,16,4,0,0,0.03793606,10.5245495,2021
2021-06-22,771,20,8,0,0,0.041655768,10.926877,2021
2021-06-23,771,30,7,1,0,0.039297882,11.274337,2021
2021-06-24,771,25,3,3,1,0.04700888,12.568268,2021
2021-06-25,771,23,4,3,0,0.05342895,15.667472,2021
2021-06-26,771,32,8,5,2,0.06674917,14.464808,2021
2021-06-27,771,52,7,4,0,0.07397801,14.269481,2021
2021-06-28,771,55,18,9,3,0.08127318,15.95271,2021
2021-06-29,771,44,12,7,0,0.088411406,16.618538,2021
2021-06-30,771,126,61,21,2,0.0861887,16.956213,2021
2021-07-01,771,148,66,10,2,0.094471365,16.43415,2021
2021-07-02,771,110,41,9,1,0.091903456,17.075432,2021
2021-07-03,771,75,25,7,0,0.07965922,14.222081,2021
2021-07-04,771,92,32,15,2,0.06886822,12.294522,2021
2021-07-05,771,64,22,13,4,0.05385673,11.5959835,2021
2021-07-06,771,44,13,10,1,0.046638504,12.288936,2021
2021-07-07,771,79,33,9,0,0.053415596,14.0586195,2021
2021-07-08,771,97,29,21,5,0.06300108,14.886025,2021
2021-07-09,771,115,32,27,2,0.07230085,15.395584,2021
2021-07-10,771,166,66,20,8,0.076951146,15.573856,2021
2021-07-11,771,133,46,32,10,0.06932303,15.452011,2021
2021-07-12,771,143,40,29,7,0.067902215,15.512399,2021
2021-07-13,771,146,47,20,6,0.07228257,17.598906,2021
2021-07-14,771,81,23,17,6,0.07042178,16.322178,2021
2021-07-15,771,63,23,7,6,0.06543821,14.774404,2021
2021-07-16,771,81,17,18,8,0.056336775,11.499866,2021
2021-07-17,771,58,12,8,3,0.045843493,10.78632,2021
2021-07-18,771,62,17,12,3,0.045113254,11.101746,2021
2021-07-19,771,164,77,15,0,0.043817226,10.695393,2021
2021-07-20,771,53,14,7,1,0.0412828,11.538375,2021
2021-07-21,771,62,22,10,1,0.040621307,11.713771,2021
2021-07-22,771,52,12,9,3,0.037986208,10.654368,2021
2021-07-23,771,69,21,5,2,0.038694173,11.374213,2021
2021-07-24,771,43,7,7,3,0.041942086,12.428977,2021
2021-07-25,771,33,13,4,2,0.043512326,10.688052,2021
2021-07-26,771,73,20,8,0,0.04414159,9.452807,2021
2021-07-27,771,20,3,1,0,0.04549978,10.275809,2021
2021-07-28,771,57,13,6,0,0.04935211,11.013604,2021
2021-07-29,771,28,13,1,0,0.053671177,12.202206,2021
2021-07-30,771,49,18,6,0,0.06171793,13.696025,2021
2021-07-31,771,58,19,10,1,0.07115493,15.556923,2021
2021-08-01,771,58,21,11,2,0.07226376,16.456793,2021
2021-08-02,771,56,22,11,1,0.07292808,16.098217,2021
2021-08-03,771,54,22,1,0,0.0665219,13.199299,2021
2021-08-04,771,70,36,2,0,0.058667675,10.713817,2021
2021-08-05,771,61,29,4,1,0.056811552,10.140058,2021
2021-08-06,771,32,16,0,0,0.04980567,9.375066,2021
2021-08-07,771,23,11,1,0,0.039544553,7.503898,2021
2021-08-08,771,17,10,1,0,0.03156566,6.1213474,2021
2021-08-09,771,36,10,1,0,0.032037027,6.4230733,2021
2021-08-10,771,35,12,0,0,0.031999614,5.618442,2021
2021-08-11,771,32,17,1,1,0.032501232,8.2960205,2021
2021-08-12,771,26,11,0,0,0.03268657,9.5177355,2021
2021-08-13,771,31,10,2,1,0.040505055,11.253375,2021
2021-08-14,771,18,10,1,0,0.04530511,12.457444,2021
2021-08-15,771,27,6,2,2,0.04888099,10.326984,2021
2021-08-16,771,30,13,2,1,0.04071051,10.168996,2021
2021-08-17,771,19,6,0,0,0.032145865,8.903197,2021
2021-08-18,771,27,5,0,0,0.030456515,8.438807,2021
2021-08-19,771,16,5,2,0,0.031047404,7.343572,2021
2021-08-20,771,16,6,0,0,0.03140644,7.011158,2021
2021-08-21,771,19,7,0,0,0.029309139,7.667396,2021
2021-08-22,771,14,5,0,0,0.025640696,6.253893,2021
2021-08-23,771,12,3,0,0,0.022651056,5.7642307,2021
2021-08-24,771,15,4,0,0,0.023158373,6.3102937,2021
2021-08-25,771,16,4,0,0,0.025631864,7.8970227,2021
2021-08-26,771,23,1,0,0,0.026557876,8.583992,2021
2021-08-27,771,11,6,0,0,0.0244749,7.802351,2021
2021-08-28,771,11,3,1,0,0.021629378,6.097044,2021
2021-08-29,771,14,4,0,0,0.022186285,6.3280597,2021
2021-08-30,771,5,2,0,0,0.02200111,5.872667,2021
2021-08-31,771,27,9,9,1,0.02232251,5.5706344,2021
2021-09-01,771,4,0,0,0,0.01775233,5.0735593,2021
2021-09-02,771,4,3,0,0,0.017983643,5.499656,2021
2021-09-03,771,13,6,0,0,0.017813146,4.929752,2021
2021-09-04,771,11,2,0,0,0.018276827,4.619712,2021
2021-09-05,771,18,4,0,0,0.017269174,5.084186,2021
2021-09-06,771,34,9,0,0,0.016621208,5.1654925,2021
2021-09-07,771,8,2,0,0,0.018130232,5.2750115,2021
2021-09-08,771,8,5,0,0,0.016265668,4.2574883,2021
2021-09-09,771,2,0,0,0,0.014733002,4.2520123,2021
2021-09-10,771,7,0,0,0,0.013147909,4.6532946,2021
2021-09-11,771,4,2,0,0,0.01269103,3.9285147,2021
2021-09-12,771,9,3,0,0,0.010768993,3.5871105,2021
2021-09-13,771,6,0,0,0,0.010621526,4.207019,2021
2021-09-14,771,9,1,0,0,0.00981283,3.923814,2021
2021-09-15,771,6,0,0,0,0.008629253,4.139825,2021
2021-09-16,771,7,3,0,0,0.008588043,4.2985663,2021
2021-09-17,771,3,0,0,0,0.008227873,3.6705387,2021
2021-09-18,771,2,1,0,0,0.007772987,4.511454,2021
2021-09-19,771,10,1,1,1,0.008192293,4.3203344,2021
2021-09-20,771,4,0,0,0,0.008096288,4.766149,2021
2021-09-21,771,10,0,0,0,0.009026789,5.848376,2021
2021-09-22,771,10,3,0,0,0.008593872,5.5533233,2021
2021-09-23,771,6,1,0,0,0.008826673,5.8771296,2021
2021-09-24,771,9,1,0,0,0.0089192,5.491639,2021
2021-09-25,771,6,1,0,0,0.008837344,4.62117,2021
2021-09-26,771,4,0,0,0,0.008621611,4.106124,2021
2021-09-27,771,0,0,0,0,0.008001342,3.9253883,2021
2021-09-28,771,6,4,0,0,0.007819046,4.1913986,2021
2021-09-29,771,8,1,2,1,0.008365018,4.4962826,2021
2021-09-30,771,17,0,11,0,0.008466582,4.5021358,2021
2021-10-01,771,13,2,2,0,0.007018982,4.9221115,2021
2021-10-02,771,7,2,0,0,0.006726983,4.969236,2021
2021-10-03,771,8,2,0,0,0.007446996,6.157516,2021
2021-10-04,771,8,0,2,0,0.007139363,5.975526,2021
2021-10-05,771,7,0,1,0,0.0073516965,6.2881546,2021
2021-10-06,771,15,4,3,0,0.007174869,6.4469886,2021
2021-10-07,771,1,0,0,0,0.0071260473,6.5304413,2021
2021-10-08,771,8,2,1,0,0.0071600014,5.451199,2021
2021-10-09,771,13,2,0,0,0.007387904,6.0421996,2021
2021-10-10,771,5,2,0,0,0.0056114406,4.4105234,2021
2021-10-11,771,3,0,0,0,0.0047349078,3.4004185,2021
2021-10-12,771,6,1,0,0,0.0047823917,3.2356389,2021
2021-10-13,771,5,0,0,0,0.0042956644,3.204112,2021
2021-10-14,771,9,0,0,0,0.0044256663,2.8999991,2021
2021-10-15,771,2,0,0,0,0.0045063756,3.0517535,2021
2021-10-16,771,6,1,0,0,0.0044752774,2.9661813,2021
2021-10-17,771,3,0,0,0,0.0042285593,2.9780257,2021
2021-10-18,771,3,1,0,0,0.0038986015,3.0033734,2021
2021-10-19,771,2,0,0,0,0.0039511155,3.27444,2021
2021-10-20,771,6,1,0,0,0.0038037542,3.484465,2021
2021-10-21,771,4,0,0,0,0.0039347457,3.508647,2021
2021-10-22,771,3,0,0,0,0.003705056,3.7763314,2021
2021-10-23,771,0,0,0,0,0.003171799,2.9106703,2021
2021-10-24,771,1,0,0,0,0.003064413,2.3576207,2021
2021-10-25,771,1,0,0,0,0.0029238036,2.5002084,2021
2021-10-26,771,4,1,0,0,0.0031638967,1.6427245,2021
2021-10-27,771,3,1,0,0,0.003443512,1.7183727,2021
2021-10-28,771,4,0,0,0,0.003345856,1.9889321,2021
2021-10-29,771,3,0,0,0,0.0032231433,2.1628568,2021
2021-10-30,771,5,1,0,0,0.0033284307,2.5580428,2021
2021-10-31,771,0,0,0,0,0.0029822856,2.1653051,2021
2022-04-01,771,6,4,0,0,0.008188499,5.3747635,2022
2022-04-02,771,4,4,0,0,0.007610598,8.021632,2022
2022-04-03,771,2,1,0,0,0.007403117,7.343305,2022
2022-04-04,771,0,0,0,0,0.007877725,5.6333575,2022
2022-04-05,771,2,0,0,0,0.009517527,5.3404503,2022
2022-04-06,771,11,5,0,0,0.012176149,6.416968,2022
2022-04-07,771,6,4,0,0,0.012511825,5.068919,2022
2022-04-08,771,12,11,0,0,0.011943243,4.838202,2022
2022-04-09,771,9,5,0,0,0.009192167,4.6202545,2022
2022-04-10,771,11,9,0,0,0.009070265,5.2431917,2022
2022-04-11,771,5,5,0,0,0.009607987,5.572456,2022
2022-04-12,771,11,4,0,0,0.010152343,4.757562,2022
2022-04-13,771,11,9,0,0,0.010417967,4.037334,2022
2022-04-14,771,10,7,0,0,0.010359062,3.9807518,2022
2022-04-15,771,3,1,0,0,0.011278984,3.6727245,2022
2022-04-16,771,6,3,0,0,0.013731418,4.4218254,2022
2022-04-17,771,8,5,0,0,0.013580767,4.4581823,2022
2022-04-18,771,11,7,0,0,0.014732255,5.7584553,2022
2022-04-19,771,5,2,0,0,0.011439806,3.8881035,2022
2022-04-20,771,8,5,0,0,0.011746558,3.356889,2022
2022-04-21,771,9,3,0,0,0.0138958115,2.970858,2022
2022-04-22,771,14,8,0,0,0.015813675,4.3476677,2022
2022-04-23,771,19,11,0,0,0.02024405,5.13492,2022
2022-04-24,771,31,18,0,0,0.025038978,8.225865,2022
2022-04-25,771,16,8,0,0,0.022878813,8.166267,2022
2022-04-26,771,10,6,0,0,0.020852705,5.508902,2022
2022-04-27,771,10,2,0,0,0.01606874,3.946231,2022
2022-04-28,771,15,11,0,0,0.018254424,3.9863884,2022
2022-04-29,771,9,5,0,0,0.021015372,5.5169234,2022
2022-04-30,771,35,16,0,0,0.024388542,6.493962,2022
2022-05-01,771,28,9,0,0,0.03167562,7.7578654,2022
2022-05-02,771,16,7,0,0,0.025773676,5.2458277,2022
2022-05-03,771,10,7,0,0,0.026825089,6.119243,2022
2022-05-04,771,13,6,0,0,0.02633291,5.8590493,2022
2022-05-05,771,23,7,0,0,0.028150616,5.189213,2022
2022-05-06,771,22,8,0,0,0.029362652,6.751486,2022
2022-05-07,771,30,14,0,0,0.035902403,6.365714,2022
2022-05-08,771,63,33,0,0,0.03920624,5.243512,2022
2022-05-09,771,61,34,2,1,0.039135724,7.7146335,2022
2022-05-10,771,57,26,2,1,0.03916823,8.76631,2022
2022-05-11,771,37,15,0,0,0.039964397,7.6134067,2022
2022-05-12,771,51,30,0,0,0.0439332,8.160777,2022
2022-05-13,771,46,24,0,0,0.04104022,7.690061,2022
2022-05-14,771,41,16,0,0,0.039588097,6.7719045,2022
2022-05-15,771,28,12,0,0,0.034616217,6.0813723,2022
2022-05-16,771,12,3,0,0,0.028023558,5.2452226,2022
2022-05-17,771,15,8,0,0,0.023732828,4.7334347,2022
2022-05-18,771,16,6,0,0,0.025502637,4.3167796,2022
2022-05-19,771,7,3,0,0,0.02433391,4.256887,2022
2022-05-20,771,16,5,0,0,0.026117325,5.5027647,2022
2022-05-21,771,28,16,0,0,0.03187717,6.713898,2022
2022-05-22,771,37,21,0,0,0.033183772,7.7473745,2022
2022-05-23,771,67,47,1,0,0.030729732,7.2883077,2022
2022-05-24,771,13,7,0,0,0.030963264,7.215408,2022
2022-05-25,771,23,11,0,0,0.032348644,8.19052,2022
2022-05-26,771,18,6,0,0,0.028844265,6.1862154,2022
2022-05-27,771,11,8,0,0,0.027083099,5.4014564,2022
2022-05-28,771,3,3,0,0,0.024155246,4.7939944,2022
2022-05-29,771,7,4,0,0,0.023217674,4.6344533,2022
2022-05-30,771,4,2,0,0,0.02475278,5.6961884,2022
2022-05-31,771,13,6,1,0,0.027943632,8.265573,2022
2022-06-01,771,15,8,3,0,0.026076289,9.314514,2022
2022-06-02,771,16,7,1,1,0.028545635,10.369961,2022
2022-06-03,771,22,9,2,0,0.030459877,11.428629,2022
2022-06-04,771,23,12,1,0,0.030561319,10.165933,2022
2022-06-05,771,15,9,0,0,0.026942987,9.632535,2022
2022-06-06,771,14,3,1,1,0.025777025,9.076989,2022
2022-06-07,771,10,2,0,0,0.027948862,8.81092,2022
2022-06-08,771,14,7,1,1,0.029880945,10.020581,2022
2022-06-09,771,18,5,1,0,0.030182775,8.786464,2022
2022-06-10,771,10,4,0,0,0.027835159,8.754195,2022
2022-06-11,771,13,8,0,0,0.026838778,6.8719597,2022
2022-06-12,771,13,2,3,1,0.028028276,6.412904,2022
2022-06-13,771,23,8,8,3,0.02805866,6.5520916,2022
2022-06-14,771,24,8,8,3,0.025859937,7.749397,2022
2022-06-15,771,13,5,5,3,0.026080213,8.178843,2022
2022-06-16,771,14,2,6,0,0.025369436,6.4527082,2022
2022-06-17,771,5,3,0,0,0.021952672,6.958689,2022
2022-06-18,771,6,1,2,0,0.022341447,7.128302,2022
2022-06-19,771,9,1,3,2,0.02477368,6.4766197,2022
2022-06-20,771,19,4,4,1,0.027913136,6.626923,2022
2022-06-21,771,16,8,1,1,0.029222302,6.567778,2022
2022-06-22,771,13,7,4,1,0.028384415,6.9972663,2022
2022-06-23,771,8,3,3,1,0.026291624,7.536749,2022
2022-06-24,771,9,1,0,0,0.02741776,7.527307,2022
2022-06-25,771,15,1,0,0,0.032745507,8.375861,2022
2022-06-26,771,17,10,2,0,0.039068453,8.690003,2022
2022-06-27,771,21,4,2,0,0.03708398,8.653555,2022
2022-06-28,771,31,15,4,1,0.037778392,9.888148,2022
2022-06-29,771,20,10,5,3,0.031286966,8.893317,2022
2022-06-30,771,18,10,4,0,0.033006746,8.340178,2022
2022-07-01,771,18,8,2,1,0.03429792,8.650142,2022
2022-07-02,771,21,6,1,1,0.038501713,10.237689,2022
2022-07-03,771,34,9,1,1,0.03818376,10.717983,2022
2022-07-04,771,30,11,3,2,0.037211955,11.493672,2022
2022-07-05,771,27,7,2,1,0.03404014,11.255782,2022
2022-07-06,771,28,11,5,1,0.032914296,10.986518,2022
2022-07-07,771,42,9,17,7,0.037074067,12.3006315,2022
2022-07-08,771,34,7,11,3,0.03808588,11.956558,2022
2022-07-09,771,13,1,2,0,0.04037393,9.427654,2022
2022-07-10,771,35,10,6,3,0.041094065,8.888503,2022
2022-07-11,771,32,9,6,2,0.04104385,8.732102,2022
2022-07-12,771,33,9,10,5,0.04253059,8.058971,2022
2022-07-13,771,31,6,11,2,0.042462505,9.521387,2022
2022-07-14,771,33,12,10,5,0.040842082,8.629918,2022
2022-07-15,771,27,7,7,3,0.047289204,9.775807,2022
2022-07-16,771,63,23,2,1,0.053640407,9.123304,2022
2022-07-17,771,66,21,6,1,0.056757037,9.125753,2022
2022-07-18,771,62,22,4,3,0.0573472,9.803926,2022
2022-07-19,771,43,11,3,1,0.050882075,9.047267,2022
2022-07-20,771,25,12,1,1,0.04705687,8.234473,2022
2022-07-21,771,11,3,0,0,0.043921735,8.217786,2022
2022-07-22,771,27,10,0,0,0.04084409,7.627935,2022
2022-07-23,771,28,10,1,0,0.046413817,8.962085,2022
2022-07-24,771,34,10,3,1,0.04406651,7.2761497,2022
2022-07-25,771,18,13,1,0,0.04291909,6.957087,2022
2022-07-26,771,19,13,0,0,0.046464637,8.437039,2022
2022-07-27,771,20,8,0,0,0.056993708,8.796156,2022
2022-07-28,771,37,21,0,0,0.06280999,9.360917,2022
2022-07-29,771,85,59,5,3,0.06275211,7.5725236,2022
2022-07-30,771,31,23,2,1,0.057896364,6.638296,2022
2022-07-31,771,29,16,1,0,0.055590976,7.098216,2022
2022-08-01,771,47,30,1,1,0.049503457,7.8798623,2022
2022-08-02,771,39,31,2,2,0.040384177,7.177856,2022
2022-08-03,771,11,5,0,0,0.035652284,6.1789403,2022
2022-08-04,771,26,14,2,0,0.029240342,6.0213914,2022
2022-08-05,771,13,4,0,0,0.029324852,7.4912953,2022
2022-08-06,771,11,6,0,0,0.032550726,7.465476,2022
2022-08-07,771,12,4,0,0,0.03940026,7.9050565,2022
2022-08-08,771,23,11,3,1,0.03691393,7.7212443,2022
2022-08-09,771,21,11,0,0,0.040525295,8.195886,2022
2022-08-10,771,30,22,0,0,0.046196584,9.768797,2022
2022-08-11,771,72,61,0,0,0.04450018,9.4177,2022
2022-08-12,771,92,56,4,1,0.04301199,9.342627,2022
2022-08-13,771,80,56,2,2,0.044808462,10.452755,2022
2022-08-14,771,47,28,1,1,0.038150284,9.650371,2022
2022-08-15,771,48,18,1,1,0.037826832,9.583579,2022
2022-08-16,771,55,16,2,0,0.040019963,10.28472,2022
2022-08-17,771,42,14,8,3,0.04473447,11.5995245,2022
2022-08-18,771,47,12,12,3,0.049564358,13.192433,2022
2022-08-19,771,130,72,2,1,0.05331474,11.8617525,2022
2022-08-20,771,112,57,6,2,0.055272102,10.585842,2022
2022-08-21,771,67,30,4,2,0.048678838,9.479517,2022
2022-08-22,771,93,57,9,2,0.043562323,9.2407255,2022
2022-08-23,771,75,50,0,0,0.038721096,8.988312,2022
2022-08-24,771,58,43,3,1,0.039801788,9.557696,2022
2022-08-25,771,55,33,2,2,0.039743908,9.966233,2022
2022-08-26,771,62,40,2,1,0.04055704,10.735027,2022
2022-08-27,771,67,35,3,1,0.029416915,8.555117,2022
2022-08-28,771,16,11,0,0,0.024238396,6.689196,2022
2022-08-29,771,24,10,2,1,0.022619186,5.482448,2022
2022-08-30,771,24,17,1,1,0.028024213,7.4946084,2022
2022-08-31,771,27,17,1,1,0.032759894,7.5919113,2022
2022-09-01,771,39,30,2,0,0.028245421,8.095796,2022
2022-09-02,771,30,20,2,1,0.02850188,9.425721,2022
2022-09-03,771,26,15,2,1,0.029080063,10.869585,2022
2022-09-04,771,21,15,0,0,0.030505093,10.264334,2022
2022-09-05,771,48,26,1,0,0.024110053,10.964288,2022
2022-09-06,771,24,12,0,0,0.021789443,10.526994,2022
2022-09-07,771,18,9,0,0,0.023892526,11.238814,2022
2022-09-08,771,21,8,1,0,0.021260422,10.814108,2022
2022-09-09,771,17,7,1,0,0.019543152,9.633309,2022
2022-09-10,771,22,10,0,0,0.02092559,11.282564,2022
2022-09-11,771,22,10,1,0,0.021477988,11.71834,2022
2022-09-12,771,17,5,1,1,0.019936748,11.040073,2022
2022-09-13,771,20,12,0,0,0.018120583,9.832543,2022
2022-09-14,771,26,17,0,0,0.015594712,8.727367,2022
2022-09-15,771,16,8,0,0,0.01387229,7.4878087,2022
2022-09-16,771,17,6,0,0,0.012380139,7.1903696,2022
2022-09-17,771,19,10,0,0,0.010936971,5.8339715,2022
2022-09-18,771,3,1,0,0,0.009244092,5.2422023,2022
2022-09-19,771,12,5,1,0,0.008993249,5.262978,2022
2022-09-20,771,10,2,0,0,0.008688183,5.596682,2022
2022-09-21,771,8,5,0,0,0.009365488,6.3853917,2022
2022-09-22,771,3,3,0,0,0.010028444,7.650419,2022
2022-09-23,771,6,4,1,0,0.009971044,8.94444,2022
2022-09-24,771,7,3,0,0,0.010569817,9.158355,2022
2022-09-25,771,6,4,0,0,0.01098131,8.051858,2022
2022-09-26,771,10,5,0,0,0.01076943,6.250196,2022
2022-09-27,771,5,2,0,0,0.012356231,8.121893,2022
2022-09-28,771,5,4,0,0,0.012530767,7.808312,2022
2022-09-29,771,10,6,0,0,0.011365969,7.0787096,2022
2022-09-30,771,6,3,0,0,0.010591642,6.5154624,2022
2022-10-01,771,15,6,0,0,0.009028144,6.8536396,2022
2022-10-02,771,13,8,0,0,0.010494678,9.417174,2022
2022-10-03,771,15,10,0,0,0.010646707,8.123775,2022
2022-10-04,771,13,7,1,1,0.010657867,7.8194647,2022
2022-10-05,771,17,8,1,1,0.009539849,7.5039687,2022
2022-10-06,771,15,6,1,1,0.009084603,6.8948636,2022
2022-10-07,771,5,5,0,0,0.009093798,7.182948,2022
2022-10-08,771,12,9,0,0,0.009463065,7.5573273,2022
2022-10-09,771,14,12,1,0,0.009759077,9.0426855,2022
2022-10-10,771,22,17,2,1,0.009832085,11.256748,2022
2022-10-11,771,18,12,2,1,0.008849235,10.100082,2022
2022-10-12,771,16,9,1,1,0.008173901,8.728348,2022
2022-10-13,771,11,11,0,0,0.008430182,9.042146,2022
2022-10-14,771,25,14,1,0,0.008184373,7.747558,2022
2022-10-15,771,11,9,0,0,0.0073068547,5.8968177,2022
2022-10-16,771,11,5,0,0,0.007369799,5.501111,2022
2022-10-17,771,18,12,0,0,0.007885823,6.9190693,2022
2022-10-18,771,19,10,0,0,0.008504094,7.35569,2022
2022-10-19,771,7,7,0,0,0.008583528,7.4908724,2022
2022-10-20,771,18,11,0,0,0.0076823067,8.286587,2022
2022-10-21,771,6,6,0,0,0.006013621,5.344824,2022
2022-10-22,771,4,2,0,0,0.0053327363,3.425229,2022
2022-10-23,771,4,3,0,0,0.005519612,3.4691384,2022
2022-10-24,771,8,4,0,0,0.0052902694,2.9926455,2022
2022-10-25,771,3,2,0,0,0.004518871,2.7488585,2022
2022-10-26,771,4,1,0,0,0.0042628087,2.6448827,2022
2022-10-27,771,17,13,0,0,0.0047960775,3.6109183,2022
2022-10-28,771,6,5,0,0,0.0048939674,4.3319297,2022
2022-10-29,771,7,3,0,0,0.0054320465,4.6292295,2022
2022-10-30,771,11,5,0,0,0.0064586024,5.8900027,2022
2022-10-31,771,16,6,0,0,0.0052392264,4.577667,2022
2023-04-01,771,1,1,0,0,0.009406232,4.5401,2023
2023-04-02,771,0,0,0,0,0.0073426943,5.2903523,2023
2023-04-03,771,2,1,0,0,0.0066114767,6.390421,2023
2023-04-04,771,4,1,0,0,0.007174586,7.6805205,2023
2023-04-05,771,3,2,0,0,0.0076706833,10.278128,2023
2023-04-06,771,2,1,0,0,0.0081225615,9.293558,2023
2023-04-07,771,2,1,0,0,0.008390752,6.389305,2023
2023-04-08,771,7,0,0,0,0.009400248,7.771538,2023
2023-04-09,771,6,2,0,0,0.011472347,10.613705,2023
2023-04-10,771,18,11,0,0,0.012865778,8.053063,2023
2023-04-11,771,15,9,0,0,0.013145014,7.390801,2023
2023-04-12,771,5,3,0,0,0.013102199,6.7986927,2023
2023-04-13,771,15,6,0,0,0.01761471,8.119376,2023
2023-04-14,771,27,13,0,0,0.019658448,7.5678635,2023
2023-04-15,771,32,11,0,0,0.024590898,8.286463,2023
2023-04-16,771,39,19,0,0,0.026398536,9.764839,2023
2023-04-17,771,16,4,0,0,0.019871367,8.468471,2023
2023-04-18,771,8,3,0,0,0.016461404,4.599612,2023
2023-04-19,771,12,3,0,0,0.014916835,4.3415637,2023
2023-04-20,771,11,7,0,0,0.017206198,4.9183836,2023
2023-04-21,771,12,4,0,0,0.01867748,5.5895643,2023
2023-04-22,771,41,23,0,0,0.023328044,6.843163,2023
2023-04-23,771,31,16,0,0,0.022855693,7.426863,2023
2023-04-24,771,10,2,0,0,0.021292223,5.7767954,2023
2023-04-25,771,25,16,0,0,0.022027127,6.29739,2023
2023-04-26,771,33,8,0,0,0.021229407,4.8230357,2023
2023-04-27,771,39,11,1,1,0.023034258,4.3968935,2023
2023-04-28,771,44,16,0,0,0.031966418,7.2171793,2023
2023-04-29,771,60,18,3,0,0.03803808,9.730803,2023
2023-04-30,771,59,12,1,0,0.039725095,10.618606,2023
2023-05-01,771,39,8,2,0,0.042819917,11.985403,2023
2023-05-02,771,24,11,2,2,0.040028196,12.107628,2023
2023-05-03,771,55,14,4,2,0.04243237,15.602594,2023
2023-05-04,771,64,17,13,2,0.042487048,13.609108,2023
2023-05-05,771,53,12,12,3,0.045065284,14.945306,2023
2023-05-06,771,49,19,3,2,0.047253475,14.738168,2023
2023-05-07,771,43,19,2,1,0.045384116,12.770135,2023
2023-05-08,771,29,6,0,0,0.04041908,10.699345,2023
2023-05-09,771,25,8,0,0,0.040551744,9.909226,2023
2023-05-10,771,39,9,2,1,0.045654267,12.30902,2023
2023-05-11,771,46,10,8,3,0.04871587,13.847267,2023
2023-05-12,771,51,9,5,2,0.050829094,16.249084,2023
2023-05-13,771,48,11,6,6,0.053515986,16.855122,2023
2023-05-14,771,63,14,3,1,0.061108265,18.577316,2023
2023-05-15,771,61,11,2,0,0.06510218,19.56374,2023
2023-05-16,771,36,8,5,2,0.053730972,15.331996,2023
2023-05-17,771,19,5,3,2,0.043758873,14.16179,2023
2023-05-18,771,54,18,3,3,0.046493843,13.854671,2023
2023-05-19,771,58,15,7,5,0.054218728,16.96662,2023
2023-05-20,771,30,13,3,1,0.050888,14.905911,2023
2023-05-21,771,25,6,0,0,0.04691894,13.777804,2023
2023-05-22,771,11,4,0,0,0.036839534,11.597375,2023
2023-05-23,771,16,3,0,0,0.032186903,11.219927,2023
2023-05-24,771,20,5,0,0,0.030771216,9.943303,2023
2023-05-25,771,11,2,1,1,0.031109586,9.051495,2023
2023-05-26,771,20,3,0,0,0.036253694,11.760123,2023
2023-05-27,771,23,7,4,0,0.04538008,15.233558,2023
2023-05-28,771,76,21,10,0,0.052893177,16.226034,2023
2023-05-29,771,55,8,7,2,0.052576177,15.695837,2023
2023-05-30,771,37,5,3,2,0.0543136,15.524243,2023
2023-05-31,771,44,4,6,0,0.054866876,15.085148,2023
2023-06-01,771,162,38,47,10,0.046758674,14.074517,2023
2023-06-02,771,81,17,19,3,0.04466477,13.901539,2023
2023-06-03,771,63,12,7,1,0.04605464,14.4551325,2023
2023-06-04,771,77,21,12,2,0.048305996,13.336846,2023
2023-06-05,771,27,3,6,2,0.042350333,11.569547,2023
2023-06-06,771,44,8,14,2,0.039102778,11.950463,2023
2023-06-07,771,26,5,6,1,0.04553125,14.063899,2023
2023-06-08,771,29,12,2,1,0.05109895,15.361943,2023
2023-06-09,771,68,13,10,2,0.05594637,15.009452,2023
2023-06-10,771,36,6,6,2,0.052561603,13.833911,2023
2023-06-11,771,33,4,10,0,0.05035076,13.988492,2023
2023-06-12,771,26,7,7,4,0.052670054,14.109432,2023
2023-06-13,771,33,5,6,1,0.049574595,14.065714,2023
2023-06-14,771,21,9,2,1,0.03000846,11.278173,2023
2023-06-15,771,17,6,2,2,0.026688684,11.747349,2023
2023-06-16,771,25,8,5,1,0.028248273,10.6622715,2023
2023-06-17,771,12,5,0,0,0.03221182,10.678416,2023
2023-06-18,771,20,8,4,1,0.03440571,9.837914,2023
2023-06-19,771,16,5,3,0,0.03200561,10.261027,2023
2023-06-20,771,15,4,2,0,0.038955543,11.887504,2023
2023-06-21,771,24,6,2,1,0.042483676,14.151277,2023
2023-06-22,771,40,20,7,2,0.046153173,13.102101,2023
2023-06-23,771,45,11,11,2,0.05327986,12.738419,2023
2023-06-24,771,80,16,12,5,0.059356537,13.075831,2023
2023-06-25,771,22,4,5,1,0.046788618,11.793146,2023
2023-06-26,771,28,11,1,0,0.048582792,12.594078,2023
2023-06-27,771,23,7,0,0,0.050296664,11.570154,2023
2023-06-28,771,52,15,6,1,0.062139038,11.898222,2023
2023-06-29,771,46,7,12,4,0.065052725,12.333717,2023
2023-06-30,771,78,16,18,8,0.06616727,12.945598,2023
2023-07-01,771,80,25,13,4,0.056536164,11.94894,2023
2023-07-02,771,35,12,3,0,0.049475554,10.098343,2023
2023-07-03,771,97,26,30,9,0.04581742,11.004495,2023
2023-07-04,771,40,6,9,3,0.049628124,13.4237,2023
2023-07-05,771,48,12,18,4,0.054759786,14.317129,2023
2023-07-06,771,57,25,14,4,0.052886467,13.7526,2023
2023-07-07,771,147,83,36,12,0.05565325,14.210317,2023
2023-07-08,771,90,59,23,5,0.061777137,15.61703,2023
2023-07-09,771,105,50,16,5,0.06277374,15.291658,2023
2023-07-10,771,97,54,20,7,0.058706682,14.216798,2023
2023-07-11,771,42,14,9,2,0.053029127,13.084414,2023
2023-07-12,771,70,39,9,0,0.05022219,12.70416,2023
2023-07-13,771,40,11,9,2,0.048074488,13.103258,2023
2023-07-14,771,35,13,3,1,0.04597077,10.976947,2023
2023-07-15,771,33,16,4,0,0.045554493,11.933578,2023
2023-07-16,771,42,19,2,0,0.046727583,11.61387,2023
2023-07-17,771,67,31,14,3,0.04010388,10.316865,2023
2023-07-18,771,31,14,2,0,0.03742088,7.6751437,2023
2023-07-19,771,30,13,1,1,0.04111196,9.0178995,2023
2023-07-20,771,71,43,12,3,0.05245358,11.484651,2023
2023-07-21,771,129,68,11,4,0.061542023,12.825479,2023
2023-07-22,771,100,29,23,12,0.060302332,12.072069,2023
2023-07-23,771,67,23,19,7,0.054720987,11.134993,2023
2023-07-24,771,44,9,13,2,0.054928508,11.646224,2023
2023-07-25,771,31,12,5,3,0.04532215,11.242383,2023
2023-07-26,771,30,6,4,2,0.038460452,8.965056,2023
2023-07-27,771,56,21,18,7,0.034210827,7.9091506,2023
2023-07-28,771,40,8,17,9,0.035553697,8.572003,2023
2023-07-29,771,38,7,9,1,0.040399842,10.90501,2023
2023-07-30,771,98,30,40,14,0.04639053,11.5228405,2023
2023-07-31,771,18,7,4,2,0.04436903,9.93271,2023
2023-08-01,771,44,16,8,2,0.038854916,9.602258,2023
2023-08-02,771,71,20,18,5,0.040284738,9.725141,2023
2023-08-03,771,54,21,5,1,0.039510503,9.258372,2023
2023-08-04,771,39,11,4,2,0.040207162,9.621939,2023
2023-08-05,771,57,25,11,3,0.045440596,11.416991,2023
2023-08-06,771,94,40,9,1,0.050283786,12.846663,2023
2023-08-07,771,64,25,5,2,0.053636413,12.147105,2023
2023-08-08,771,44,12,5,0,0.04357135,9.380233,2023
2023-08-09,771,30,14,3,1,0.033542767,8.539105,2023
2023-08-10,771,8,2,2,1,0.02753945,7.1505017,2023
2023-08-11,771,14,1,1,0,0.024359727,6.368392,2023
2023-08-12,771,19,8,1,0,0.024806757,7.4339967,2023
2023-08-13,771,19,8,2,1,0.029452628,11.34435,2023
2023-08-14,771,16,6,3,1,0.034637615,11.887589,2023
2023-08-15,771,12,5,1,0,0.037173185,9.776077,2023
2023-08-16,771,10,4,1,0,0.034713857,9.8041935,2023
2023-08-17,771,19,9,2,0,0.036379542,10.756326,2023
2023-08-18,771,17,10,2,1,0.02923323,9.02682,2023
2023-08-19,771,12,6,0,0,0.026225677,8.117619,2023
2023-08-20,771,9,4,1,0,0.024722915,9.526813,2023
2023-08-21,771,39,19,2,0,0.025560377,9.935869,2023
2023-08-22,771,16,5,3,1,0.025799764,9.798653,2023
2023-08-23,771,13,3,1,0,0.022181248,8.603596,2023
2023-08-24,771,11,1,5,0,0.021225942,8.566186,2023
2023-08-25,771,19,10,1,0,0.022056106,9.57106,2023
2023-08-26,771,11,6,2,1,0.02502076,10.285496,2023
2023-08-27,771,14,7,2,0,0.027595641,9.92036,2023
2023-08-28,771,71,46,5,2,0.031256553,10.871204,2023
2023-08-29,771,27,16,4,0,0.030754438,10.329296,2023
2023-08-30,771,12,6,0,0,0.027960481,9.148751,2023
2023-08-31,771,9,5,1,0,0.025090583,8.303299,2023
2023-09-01,771,26,9,2,0,0.021656083,11.557609,2023
2023-09-02,771,15,3,4,1,0.023189772,14.358666,2023
2023-09-03,771,11,1,0,0,0.022465665,10.921041,2023
2023-09-04,771,14,3,1,0,0.020234665,8.319285,2023
2023-09-05,771,17,3,0,0,0.019452326,8.101817,2023
2023-09-06,771,10,4,0,0,0.017232753,7.5897455,2023
2023-09-07,771,9,3,1,0,0.016428804,6.985243,2023
2023-09-08,771,9,3,0,0,0.015329617,7.2154756,2023
2023-09-09,771,17,6,0,0,0.016898504,9.334175,2023
2023-09-10,771,7,1,0,0,0.018014574,11.387107,2023
2023-09-11,771,16,4,1,0,0.017820157,12.796043,2023
2023-09-12,771,6,2,0,0,0.0155778695,10.673354,2023
2023-09-13,771,16,6,2,0,0.014346823,9.531954,2023
2023-09-14,771,4,0,0,0,0.013201096,8.532929,2023
2023-09-15,771,22,8,0,0,0.014488526,9.940685,2023
2023-09-16,771,7,1,2,1,0.014785727,10.645832,2023
2023-09-17,771,16,8,0,0,0.015592928,11.473361,2023
2023-09-18,771,7,1,0,0,0.012788562,9.779416,2023
2023-09-19,771,10,3,2,0,0.011053516,8.761079,2023
2023-09-20,771,10,1,1,0,0.010117514,8.126509,2023
2023-09-21,771,18,3,0,0,0.0118517,10.085032,2023
2023-09-22,771,8,0,1,0,0.0126704825,11.316215,2023
2023-09-23,771,5,0,0,0,0.012355877,10.321479,2023
2023-09-24,771,17,1,1,0,0.01147003,8.013454,2023
2023-09-25,771,17,3,0,0,0.011106179,7.2282767,2023
2023-09-26,771,13,1,1,1,0.011617941,8.312566,2023
2023-09-27,771,8,1,0,0,0.011391469,7.8403153,2023
2023-09-28,771,11,2,0,0,0.0106640505,6.120866,2023
2023-09-29,771,6,1,0,0,0.009004743,4.656943,2023
2023-09-30,771,3,0,0,0,0.008531372,4.3023534,2023
2023-10-01,771,5,0,0,0,0.0066672713,5.2031536,2023
2023-10-02,771,6,3,0,0,0.007364756,4.3171554,2023
2023-10-03,771,3,0,0,0,0.007922126,4.0172,2023
2023-10-04,771,8,1,0,0,0.008056106,4.780559,2023
2023-10-05,771,5,2,0,0,0.007184377,3.866944,2023
2023-10-06,771,7,2,0,0,0.007354421,4.3102984,2023
2023-10-07,771,6,6,0,0,0.00777705,3.9913335,2023
2023-10-08,771,3,1,0,0,0.008259265,5.6325207,2023
2023-10-09,771,6,1,0,0,0.008236237,6.0475717,2023
2023-10-10,771,10,0,0,0,0.0070891385,5.150727,2023
2023-10-11,771,5,0,0,0,0.0057019494,4.3133492,2023
2023-10-12,771,4,1,0,0,0.0050523197,3.4650917,2023
2023-10-13,771,0,0,0,0,0.0049231686,3.8479965,2023
2023-10-14,771,4,1,0,0,0.0049215057,4.6499586,2023
2023-10-15,771,3,0,0,0,0.0052465117,4.837395,2023
2023-10-16,771,5,1,0,0,0.004754195,4.0606327,2023
2023-10-17,771,2,0,0,0,0.0044088396,3.5283928,2023
2023-10-18,771,4,0,0,0,0.0044932296,3.9964206,2023
2023-10-19,771,2,0,0,0,0.00516413,4.1947913,2023
2023-10-20,771,5,1,0,0,0.0048713484,4.7784967,2023
2023-10-21,771,2,0,0,0,0.0039386605,3.3054829,2023
2023-10-22,771,2,0,0,0,0.0034111508,2.5859826,2023
2023-10-23,771,1,1,0,0,0.0031962667,2.677343,2023
2023-10-24,771,4,0,0,0,0.0030505639,2.4759712,2023
2023-10-25,771,1,0,0,0,0.0031723531,2.3183777,2023
2023-10-26,771,2,0,0,0,0.0031568995,2.5663283,2023
2023-10-27,771,3,1,0,0,0.0031999939,2.32149,2023
2023-10-28,771,3,0,0,0,0.0033761798,2.5854104,2023
2023-10-29,771,2,1,0,0,0.0032758724,2.562401,2023
2023-10-30,771,2,0,0,0,0.0032029871,2.5877872,2023
2023-10-31,771,1,0,0,0,0.0032612882,2.5645268,2023
2024-04-01,771,11,9,0,0,0.012321461,9.357611,2024
2024-04-02,771,21,15,0,0,0.01346022,11.043783,2024
2024-04-03,771,10,6,0,0,0.011346905,9.042093,2024
2024-04-04,771,4,2,0,0,0.007828031,4.8066797,2024
2024-04-05,771,4,1,0,0,0.00746018,4.6116037,2024
2024-04-06,771,2,2,0,0,0.008671233,5.0046353,2024
2024-04-07,771,14,7,0,0,0.01159925,7.6919723,2024
2024-04-08,771,14,5,0,0,0.013905539,6.5547132,2024
2024-04-09,771,15,10,0,0,0.01544912,8.708295,2024
2024-04-10,771,12,7,0,0,0.015311954,5.8719788,2024
2024-04-11,771,9,4,0,0,0.014878601,5.493185,2024
2024-04-12,771,11,3,0,0,0.013905217,5.6430655,2024
2024-04-13,771,11,2,0,0,0.015560006,6.0366635,2024
2024-04-14,771,21,6,0,0,0.0212484,7.6517,2024
2024-04-15,771,25,11,1,0,0.022213044,9.411034,2024
2024-04-16,771,8,5,0,0,0.018126056,5.103293,2024
2024-04-17,771,9,2,0,0,0.018643165,5.226194,2024
2024-04-18,771,22,13,0,0,0.021487769,7.4279213,2024
2024-04-19,771,27,18,0,0,0.026233193,10.754555,2024
2024-04-20,771,26,8,1,0,0.029622857,13.064615,2024
2024-04-21,771,30,17,1,0,0.025474155,12.167509,2024
2024-04-22,771,24,17,1,1,0.030655494,11.60979,2024
2024-04-23,771,63,29,2,1,0.035976563,10.662201,2024
2024-04-24,771,22,14,2,2,0.031641196,10.602531,2024
2024-04-25,771,30,12,0,0,0.03069444,9.741485,2024
2024-04-26,771,45,17,1,1,0.030378003,8.685988,2024
2024-04-27,771,68,30,0,0,0.034644347,8.55649,2024
2024-04-28,771,28,20,1,1,0.031088796,6.400323,2024
2024-04-29,771,10,5,0,0,0.021771293,5.3198423,2024
2024-04-30,771,13,8,0,0,0.021938557,5.1423826,2024
2024-05-01,771,19,14,0,0,0.022177512,4.780081,2024
2024-05-02,771,13,4,0,0,0.024730412,5.532832,2024
2024-05-03,771,19,10,0,0,0.02804468,6.952664,2024
2024-05-04,771,19,9,0,0,0.030862689,8.05564,2024
2024-05-05,771,26,10,1,0,0.033326726,9.24795,2024
2024-05-06,771,21,10,0,0,0.028709292,9.133695,2024
2024-05-07,771,23,3,0,0,0.029685255,8.18107,2024
2024-05-08,771,25,8,0,0,0.030942636,8.236087,2024
2024-05-09,771,30,16,6,3,0.035360854,11.3765,2024
2024-05-10,771,50,19,9,5,0.042637296,15.351413,2024
2024-05-11,771,44,17,6,5,0.043352596,13.913058,2024
2024-05-12,771,19,7,3,1,0.04109995,12.869191,2024
2024-05-13,771,20,9,1,0,0.03600315,11.23653,2024
2024-05-14,771,12,6,0,0,0.035250973,9.156013,2024
2024-05-15,771,10,5,0,0,0.032340366,7.4453,2024
2024-05-16,771,17,5,0,0,0.027520606,5.0661116,2024
2024-05-17,771,10,4,0,0,0.02626937,4.644912,2024
2024-05-18,771,14,3,0,0,0.02688604,4.838328,2024
2024-05-19,771,25,12,0,0,0.026995355,6.142946,2024
2024-05-20,771,31,23,0,0,0.02917571,6.9998403,2024
2024-05-21,771,6,3,0,0,0.030838102,6.221297,2024
2024-05-22,771,17,5,0,0,0.029294807,7.1629496,2024
2024-05-23,771,19,1,1,0,0.028163781,7.2787876,2024
2024-05-24,771,14,6,3,1,0.025066646,6.672983,2024
2024-05-25,771,13,5,0,0,0.02385399,6.733175,2024
2024-05-26,771,15,6,0,0,0.024792809,7.413064,2024
2024-05-27,771,11,8,0,0,0.02593173,7.156361,2024
2024-05-28,771,10,5,0,0,0.025229806,5.817736,2024
2024-05-29,771,10,6,0,0,0.02436226,6.392341,2024
2024-05-30,771,19,7,1,0,0.024364246,7.0655465,2024
2024-05-31,771,17,9,0,0,0.026747705,7.7865267,2024
2024-06-01,771,14,4,1,1,0.02506306,8.34696,2024
2024-06-02,771,14,5,2,1,0.025862891,8.8068285,2024
2024-06-03,771,6,3,0,0,0.024171289,8.409497,2024
2024-06-04,771,7,0,1,0,0.023499787,6.580154,2024
2024-06-05,771,48,10,4,0,0.02645408,7.5209656,2024
2024-06-06,771,13,5,1,0,0.024462901,7.499266,2024
2024-06-07,771,10,5,1,0,0.023298807,7.6280947,2024
2024-06-08,771,5,1,2,1,0.023114784,8.023939,2024
2024-06-09,771,10,3,3,0,0.021954674,7.6534486,2024
2024-06-10,771,18,8,1,0,0.022055991,7.546555,2024
2024-06-11,771,13,6,0,0,0.021327099,5.849076,2024
2024-06-12,771,5,3,0,0,0.020743346,5.8980484,2024
2024-06-13,771,22,6,2,0,0.022949979,6.104951,2024
2024-06-14,771,9,6,1,0,0.023591604,7.4150524,2024
2024-06-15,771,12,5,1,0,0.021078056,7.1875277,2024
2024-06-16,771,6,3,0,0,0.019742256,7.2954288,2024
2024-06-17,771,19,10,1,0,0.021128759,7.604246,2024
2024-06-18,771,17,5,2,0,0.024987249,7.9388385,2024
2024-06-19,771,27,9,4,0,0.034206823,9.782796,2024
2024-06-20,771,42,13,12,2,0.03861712,10.55546,2024
2024-06-21,771,25,10,2,0,0.04398333,12.978442,2024
2024-06-22,771,26,12,2,0,0.048566554,12.306302,2024
2024-06-23,771,23,11,3,0,0.04466737,11.75317,2024
2024-06-24,771,15,5,1,0,0.03260687,10.011203,2024
2024-06-25,771,23,4,4,0,0.030148206,10.183897,2024
2024-06-26,771,8,5,1,0,0.031363938,9.744694,2024
2024-06-27,771,26,5,9,1,0.02932168,10.494649,2024
2024-06-28,771,21,7,11,0,0.029620234,11.13288,2024
2024-06-29,771,26,7,7,0,0.036535237,12.043448,2024
2024-06-30,771,53,22,4,2,0.042618193,12.680623,2024
2024-07-01,771,79,35,14,6,0.04182774,10.437817,2024
2024-07-02,771,70,31,11,1,0.039705127,9.208902,2024
2024-07-03,771,37,19,9,3,0.035766765,8.658641,2024
2024-07-04,771,28,15,7,2,0.037041567,9.410516,2024
2024-07-05,771,22,12,3,1,0.04100598,10.16838,2024
2024-07-06,771,54,30,8,4,0.045278523,10.558313,2024
2024-07-07,771,39,9,4,2,0.053184375,12.307885,2024
2024-07-08,771,112,10,25,2,0.060704727,13.124879,2024
2024-07-09,771,102,34,19,9,0.06882837,13.424161,2024
2024-07-10,771,120,70,21,4,0.068251595,14.459942,2024
2024-07-11,771,85,24,17,5,0.06711527,14.1199255,2024
2024-07-12,771,77,29,11,2,0.057003427,12.672832,2024
2024-07-13,771,71,21,9,4,0.05575331,12.990101,2024
2024-07-14,771,40,7,7,4,0.05593132,14.170551,2024
2024-07-15,771,45,8,9,3,0.059257448,13.65452,2024
2024-07-16,771,70,32,11,2,0.06361598,12.932493,2024
2024-07-17,771,155,72,37,13,0.07340874,14.164314,2024
2024-07-18,771,117,56,22,3,0.07877257,15.488776,2024
2024-07-19,771,115,38,21,3,0.082889855,15.007942,2024
2024-07-20,771,65,28,8,1,0.08045785,12.52489,2024
2024-07-21,771,55,29,5,3,0.07712459,13.890685,2024
2024-07-22,771,176,68,14,3,0.07729008,13.401983,2024
2024-07-23,771,92,47,8,0,0.0587129,12.848564,2024
2024-07-24,771,58,16,3,0,0.048896264,11.492167,2024
2024-07-25,771,18,6,0,0,0.042016238,9.885323,2024
2024-07-26,771,21,8,0,0,0.038300056,11.82202,2024
2024-07-27,771,20,3,2,0,0.041140895,11.3032255,2024
2024-07-28,771,22,9,3,2,0.045871258,10.987534,2024
2024-07-29,771,33,7,3,0,0.049823564,10.09325,2024
2024-07-30,771,33,8,3,1,0.052537177,9.72873,2024
2024-07-31,771,44,10,8,0,0.055561226,9.375856,2024
2024-08-01,771,27,10,3,0,0.050704084,9.897082,2024
2024-08-02,771,33,5,2,0,0.05469795,11.979842,2024
2024-08-03,771,57,11,1,0,0.056358606,11.823536,2024
2024-08-04,771,50,13,4,0,0.053927895,11.559084,2024
2024-08-05,771,68,9,4,1,0.0483838,12.566279,2024
2024-08-06,771,51,4,5,2,0.04398418,13.926162,2024
2024-08-07,771,32,3,5,3,0.04092643,14.16203,2024
2024-08-08,771,43,9,0,0,0.045050416,15.029976,2024
2024-08-09,771,91,9,7,0,0.04875716,16.402018,2024
2024-08-10,771,39,1,1,0,0.0497024,14.95613,2024
2024-08-11,771,54,8,1,0,0.048560657,14.515303,2024
2024-08-12,771,85,18,2,1,0.0475836,14.694236,2024
2024-08-13,771,56,17,2,2,0.045192398,11.914633,2024
2024-08-14,771,27,9,3,2,0.040574707,10.078662,2024
2024-08-15,771,12,2,0,0,0.03715732,9.816821,2024
2024-08-16,771,17,2,1,0,0.032850686,10.88559,2024
2024-08-17,771,18,2,3,0,0.031263284,11.225993,2024
2024-08-18,771,22,2,4,1,0.02956985,10.682483,2024
2024-08-19,771,19,5,0,0,0.028490616,11.355023,2024
2024-08-20,771,18,3,1,0,0.028185938,10.2237015,2024
2024-08-21,771,25,7,0,0,0.025735242,7.9090815,2024
2024-08-22,771,8,4,1,0,0.023455925,7.62385,2024
2024-08-23,771,23,4,0,0,0.025729107,8.722621,2024
2024-08-24,771,14,3,0,0,0.023526188,6.995622,2024
2024-08-25,771,18,5,0,0,0.024303364,7.526921,2024
2024-08-26,771,15,3,0,0,0.023732629,8.472863,2024
2024-08-27,771,37,11,1,0,0.021983234,8.873998,2024
2024-08-28,771,12,3,1,0,0.01959053,7.81718,2024
2024-08-29,771,15,3,2,1,0.019559424,7.6798124,2024
2024-08-30,771,11,0,0,0,0.022698931,8.685772,2024
2024-08-31,771,15,2,0,0,0.026776783,8.21345,2024
2024-09-01,771,26,8,0,0,0.022262443,8.919953,2024
2024-09-02,771,34,15,0,0,0.024074556,9.014073,2024
2024-09-03,771,18,6,0,0,0.023936203,8.045325,2024
2024-09-04,771,6,1,0,0,0.02112039,8.435829,2024
2024-09-05,771,11,3,0,0,0.021871403,9.632668,2024
2024-09-06,771,15,2,0,0,0.02376593,11.425185,2024
2024-09-07,771,11,1,0,0,0.02391181,11.564795,2024
2024-09-08,771,14,3,0,0,0.023855785,9.09746,2024
2024-09-09,771,12,1,0,0,0.020801987,8.885889,2024
2024-09-10,771,13,3,0,0,0.017896453,8.52535,2024
2024-09-11,771,10,2,1,0,0.015524552,8.072713,2024
2024-09-12,771,13,4,0,0,0.014048351,7.029288,2024
2024-09-13,771,10,4,0,0,0.014362538,7.0879245,2024
2024-09-14,771,11,5,0,0,0.014095774,6.4882636,2024
2024-09-15,771,16,7,0,0,0.01419563,7.185264,2024
2024-09-16,771,15,8,0,0,0.015304608,8.4798355,2024
2024-09-17,771,13,6,0,0,0.014830176,7.125536,2024
2024-09-18,771,9,6,0,0,0.014969147,6.5000157,2024
2024-09-19,771,13,5,0,0,0.013258282,5.7259703,2024
2024-09-20,771,10,6,0,0,0.011607815,5.312053,2024
2024-09-21,771,4,1,0,0,0.010420651,4.9964914,2024
2024-09-22,771,6,1,0,0,0.009994874,4.971605,2024
2024-09-23,771,7,2,0,0,0.0085747335,4.2809258,2024
2024-09-24,771,7,0,0,0,0.01004721,4.9727263,2024
2024-09-25,771,8,3,0,0,0.010577518,4.9541936,2024
2024-09-26,771,7,0,0,0,0.009256958,4.9852977,2024
2024-09-27,771,6,1,0,0,0.009101467,4.654916,2024
2024-09-28,771,10,1,0,0,0.009594081,4.90089,2024
2024-09-29,771,5,0,0,0,0.009764408,6.3973055,2024
2024-09-30,771,12,4,0,0,0.010086558,6.4444556,2024
2024-10-01,771,7,4,0,0,0.006466155,4.4580626,2024
2024-10-02,771,7,1,0,0,0.005553757,3.9226236,2024
2024-10-03,771,9,4,0,0,0.0057794554,4.0315847,2024
2024-10-04,771,10,2,0,0,0.0061287633,4.458179,2024
2024-10-05,771,8,2,0,0,0.0064390292,5.6762934,2024
2024-10-06,771,20,5,0,0,0.0060520624,4.2872047,2024
2024-10-07,771,12,5,0,0,0.006404302,4.673673,2024
2024-10-08,771,12,7,0,0,0.006461167,4.141875,2024
2024-10-09,771,6,6,0,0,0.005582218,3.660124,2024
2024-10-10,771,2,1,0,0,0.0051232832,3.3387623,2024
2024-10-11,771,5,1,0,0,0.0050925105,3.878511,2024
2024-10-12,771,1,0,0,0,0.005461685,3.8764558,2024
2024-10-13,771,6,2,0,0,0.006129996,4.864996,2024
2024-10-14,771,6,4,0,0,0.00578868,4.5541635,2024
2024-10-15,771,2,0,0,0,0.0051486436,4.0919094,2024
2024-10-16,771,2,1,0,0,0.0044745067,3.4497385,2024
2024-10-17,771,8,3,0,0,0.004443829,3.8823488,2024
2024-10-18,771,3,1,0,0,0.0047738166,3.8580225,2024
2024-10-19,771,9,4,0,0,0.0051538846,4.310643,2024
2024-10-20,771,5,3,0,0,0.0049604247,3.0810452,2024
2024-10-21,771,6,2,0,0,0.0048803203,3.0531542,2024
2024-10-22,771,4,1,0,0,0.0046184342,2.8810725,2024
2024-10-23,771,9,1,0,0,0.0045007733,2.9447122,2024
2024-10-24,771,2,0,0,0,0.0042996383,2.5553887,2024
2024-10-25,771,6,1,0,0,0.0040780352,2.6619272,2024
2024-10-26,771,8,3,0,0,0.004058587,2.9132764,2024
2024-10-27,771,9,4,0,0,0.003785568,3.2354946,2024
2024-10-28,771,11,5,0,0,0.00357756,3.1254313,2024
2024-10-29,771,4,1,0,0,0.0031784072,2.1796396,2024
2024-10-30,771,4,0,1,1,0.003081126,2.3730829,2024
2024-10-31,771,6,3,0,0,0.003077349,1.8987598,2024
