cell_id,province,lat,lon,days,detections,days_in_top_decile,mean_risk,mean_fwi
43_-65,Nova Scotia,43.5,-64.5,173,0,2,0.0048942403,3.5250823
43_-66,Nova Scotia,43.5,-65.5,173,0,54,0.08069111,2.088167
43_-67,Nova Scotia,43.5,-66.5,173,0,16,0.028039753,3.0914955
44_-63,Nova Scotia,44.5,-62.5,173,1,1,0.010689035,2.76567
44_-64,Nova Scotia,44.5,-63.5,173,1,40,0.06536399,3.4530926
44_-65,Nova Scotia,44.5,-64.5,173,1,58,0.08690832,4.309719
44_-66,Nova Scotia,44.5,-65.5,173,2,40,0.064595245,5.047306
44_-67,Nova Scotia,44.5,-66.5,173,1,4,0.016258132,2.9880872
44_-77,Ontario,44.5,-76.5,173,1,0,0.006676403,3.730653
44_-78,Ontario,44.5,-77.5,173,1,0,0.0124679245,5.3283744
44_-79,Ontario,44.5,-78.5,173,3,0,0.012587039,5.6703124
44_-80,Ontario,44.5,-79.5,173,5,1,0.015040702,5.346589
45_-61,Nova Scotia,45.5,-60.5,173,1,14,0.022394035,2.8881505
45_-62,Nova Scotia,45.5,-61.5,173,1,32,0.049272202,4.931164
45_-63,Nova Scotia,45.5,-62.5,173,2,52,0.079883195,4.2961664
45_-64,Nova Scotia,45.5,-63.5,173,2,40,0.07406468,4.85691
45_-65,Nova Scotia,45.5,-64.5,173,4,64,0.10065446,3.7207932
45_-66,New Brunswick,45.5,-65.5,173,0,25,0.05062106,3.9383764
45_-67,New Brunswick,45.5,-66.5,173,3,70,0.11145669,5.101935
45_-68,New Brunswick,45.5,-67.5,173,1,44,0.060983557,6.1348567
45_-71,Quebec,45.5,-70.5,173,0,0,0.008991939,4.247365
45_-72,Quebec,45.5,-71.5,173,0,12,0.026830684,4.733208
45_-73,Quebec,45.5,-72.5,173,3,23,0.054301903,4.2642813
45_-74,Quebec,45.5,-73.5,173,5,24,0.043634556,5.066649
45_-75,Quebec,45.5,-74.5,173,4,27,0.048392948,5.100349
45_-76,Quebec,45.5,-75.5,173,4,27,0.043947615,4.9340672
45_-77,Quebec,45.5,-76.5,173,0,12,0.034419626,4.198912
45_-78,Ontario,45.5,-77.5,173,1,5,0.024553068,4.7042894
45_-79,Ontario,45.5,-78.5,173,0,10,0.033035677,3.80203
45_-80,Ontario,45.5,-79.5,173,0,4,0.034261268,4.638471
45_-81,Ontario,45.5,-80.5,173,1,34,0.055378836,4.0167327
45_-82,Ontario,45.5,-81.5,173,0,0,0.017806055,4.448526
46_-54,Newfoundland and Labrador,46.5,-53.5,173,0,0,0.0058973557,4.895047
46_-55,Newfoundland and Labrador,46.5,-54.5,173,0,1,0.008052493,4.342009
46_-60,Nova Scotia,46.5,-59.5,173,0,16,0.018622214,3.1963613
46_-61,Nova Scotia,46.5,-60.5,173,1,32,0.0873435,2.5445278
46_-62,Nova Scotia,46.5,-61.5,173,0,4,0.011007065,3.0964909
46_-64,New Brunswick,46.5,-63.5,173,0,0,0.004430823,3.62463
46_-65,New Brunswick,46.5,-64.5,173,2,26,0.050247043,4.3422112
46_-66,New Brunswick,46.5,-65.5,173,2,52,0.08843459,5.172207
46_-67,New Brunswick,46.5,-66.5,173,1,52,0.065456614,5.629474
46_-68,New Brunswick,46.5,-67.5,173,1,69,0.09671549,7.5242004
46_-71,Quebec,46.5,-70.5,173,0,7,0.022744356,5.7241526
46_-72,Quebec,46.5,-71.5,173,2,26,0.045434747,4.509166
46_-73,Quebec,46.5,-72.5,173,0,25,0.047610905,5.580422
46_-74,Quebec,46.5,-73.5,173,1,41,0.063758,4.1309257
46_-75,Quebec,46.5,-74.5,173,1,29,0.043538637,3.1595774
46_-76,Quebec,46.5,-75.5,173,1,37,0.059812594,4.568959
46_-77,Quebec,46.5,-76.5,173,1,14,0.03805651,5.2543883
46_-78,Quebec,46.5,-77.5,173,0,1,0.02542729,5.15659
46_-79,Quebec,46.5,-78.5,173,2,6,0.03632096,5.064907
46_-80,Ontario,46.5,-79.5,173,0,30,0.053971495,5.4060545
46_-81,Ontario,46.5,-80.5,173,1,98,0.12235099,6.946949
46_-82,Ontario,46.5,-81.5,173,3,88,0.10401264,7.2993236
46_-83,Ontario,46.5,-82.5,173,3,49,0.06255557,7.2619514
46_-84,Ontario,46.5,-83.5,173,1,51,0.06547928,7.6428766
46_-85,Ontario,46.5,-84.5,173,0,23,0.048613586,5.964235
47_-53,Newfoundland and Labrador,47.5,-52.5,173,0,85,0.10739313,4.914288
47_-54,Newfoundland and Labrador,47.5,-53.5,173,0,61,0.08468134,8.4722395
47_-55,Newfoundland and Labrador,47.5,-54.5,173,0,0,0.0064424705,3.09236
47_-56,Newfoundland and Labrador,47.5,-55.5,173,0,4,0.0166889,5.225707
47_-60,Newfoundland and Labrador,47.5,-59.5,173,0,0,0.003472118,3.0044296
47_-65,New Brunswick,47.5,-64.5,173,1,20,0.04687038,2.7897754
47_-66,New Brunswick,47.5,-65.5,173,1,73,0.0926089,4.503981
47_-67,New Brunswick,47.5,-66.5,173,0,50,0.062147412,5.559593
47_-68,New Brunswick,47.5,-67.5,173,1,35,0.057273764,6.4221735
47_-69,New Brunswick,47.5,-68.5,173,0,20,0.037366014,5.511046
47_-70,Quebec,47.5,-69.5,173,1,2,0.016239272,3.6704643
47_-71,Quebec,47.5,-70.5,173,1,2,0.023426877,3.0862877
47_-72,Quebec,47.5,-71.5,173,1,0,0.007337487,1.8167067
47_-73,Quebec,47.5,-72.5,173,1,8,0.028357955,4.2229996
47_-74,Quebec,47.5,-73.5,173,0,1,0.017225267,3.2887926
47_-75,Quebec,47.5,-74.5,173,1,0,0.01426378,3.2600682
47_-76,Quebec,47.5,-75.5,173,1,1,0.014097536,3.7194235
47_-77,Quebec,47.5,-76.5,173,1,2,0.019702146,4.6406045
47_-78,Quebec,47.5,-77.5,173,1,5,0.02926734,5.756247
47_-79,Quebec,47.5,-78.5,173,2,3,0.03050588,5.328176
47_-80,Ontario,47.5,-79.5,173,3,16,0.0460201,5.4536953
47_-81,Ontario,47.5,-80.5,173,0,23,0.047451984,6.475495
47_-82,Ontario,47.5,-81.5,173,2,39,0.059324127,7.5033894
47_-83,Ontario,47.5,-82.5,173,3,42,0.06148036,7.9196453
47_-84,Ontario,47.5,-83.5,173,2,47,0.068280175,7.9167967
47_-85,Ontario,47.5,-84.5,173,0,28,0.046787184,5.5615745
48_-124,British Columbia,48.5,-123.5,173,2,99,0.093787245,11.600233
48_-125,British Columbia,48.5,-124.5,173,0,9,0.023738235,5.632724
48_-54,Newfoundland and Labrador,48.5,-53.5,173,0,6,0.021492802,4.0814962
48_-55,Newfoundland and Labrador,48.5,-54.5,173,0,3,0.020255988,4.841984
48_-56,Newfoundland and Labrador,48.5,-55.5,173,0,5,0.02446606,6.958893
48_-57,Newfoundland and Labrador,48.5,-56.5,173,0,0,0.006638586,4.9762125
48_-58,Newfoundland and Labrador,48.5,-57.5,173,1,0,0.009546673,6.1250873
48_-59,Newfoundland and Labrador,48.5,-58.5,173,1,6,0.027088802,2.0345721
48_-65,Quebec,48.5,-64.5,173,0,0,0.011673083,4.030933
48_-66,Quebec,48.5,-65.5,173,1,0,0.0153551735,4.0343556
48_-67,Quebec,48.5,-66.5,173,0,4,0.014757059,3.1183383
48_-68,Quebec,48.5,-67.5,173,0,1,0.010548476,5.2055616
48_-69,Quebec,48.5,-68.5,173,1,1,0.017717808,2.0534396
48_-70,Quebec,48.5,-69.5,173,1,5,0.02749412,4.1281633
48_-71,Quebec,48.5,-70.5,173,1,0,0.013493463,4.966587
48_-72,Quebec,48.5,-71.5,173,2,23,0.03888389,4.0938225
48_-73,Quebec,48.5,-72.5,173,1,16,0.03300936,3.4698648
48_-74,Quebec,48.5,-73.5,173,0,0,0.008075797,2.709644
48_-75,Quebec,48.5,-74.5,173,0,2,0.013743967,3.2621548
48_-76,Quebec,48.5,-75.5,173,0,3,0.020582315,5.0801826
48_-77,Quebec,48.5,-76.5,173,1,5,0.027936695,4.8216863
48_-78,Quebec,48.5,-77.5,173,3,28,0.0501423,6.05623
48_-79,Quebec,48.5,-78.5,173,1,27,0.049429987,6.7420473
48_-80,Quebec,48.5,-79.5,173,1,26,0.052985195,7.151703
48_-81,Ontario,48.5,-80.5,173,2,15,0.03885515,6.9939036
48_-82,Ontario,48.5,-81.5,173,2,22,0.049134966,8.007854
48_-83,Ontario,48.5,-82.5,173,0,10,0.037567433,7.9686174
48_-84,Ontario,48.5,-83.5,173,1,5,0.031490345,7.2222166
48_-85,Ontario,48.5,-84.5,173,3,20,0.04801865,5.5705056
48_-86,Ontario,48.5,-85.5,173,1,10,0.03860101,3.7718604
48_-87,Ontario,48.5,-86.5,173,0,17,0.032536566,3.0882814
48_-88,Ontario,48.5,-87.5,173,1,9,0.023856761,4.819049
48_-89,Ontario,48.5,-88.5,173,0,11,0.03061777,6.7614794
48_-90,Ontario,48.5,-89.5,173,1,72,0.0852852,8.181502
48_-91,Ontario,48.5,-90.5,173,1,53,0.072495125,6.8882203
48_-92,Ontario,48.5,-91.5,173,2,93,0.1181482,7.1091843
48_-93,Ontario,48.5,-92.5,173,3,56,0.0715269,7.2970095
48_-94,Ontario,48.5,-93.5,173,1,59,0.07361036,10.252033
48_-95,Ontario,48.5,-94.5,173,2,0,0.008214815,9.3694105
49_-100,Manitoba,49.5,-99.5,173,3,1,0.0058411877,12.867319
49_-103,Saskatchewan,49.5,-102.5,173,1,0,0.0040133283,14.099285
49_-107,Saskatchewan,49.5,-106.5,173,0,0,0.007847139,19.08149
49_-108,Saskatchewan,49.5,-107.5,173,1,6,0.021575846,20.967281
49_-110,Saskatchewan,49.5,-109.5,173,0,0,0.0104645565,10.259476
49_-114,Alberta,49.5,-113.5,173,4,2,0.018775817,22.08554
49_-115,Alberta,49.5,-114.5,173,0,145,0.17241067,15.287871
49_-116,British Columbia,49.5,-115.5,173,3,155,0.21083762,18.463667
49_-117,British Columbia,49.5,-116.5,173,3,83,0.09915809,12.488532
49_-118,British Columbia,49.5,-117.5,173,3,81,0.11437071,14.1920805
49_-119,British Columbia,49.5,-118.5,173,3,73,0.09462977,17.048944
49_-120,British Columbia,49.5,-119.5,173,3,165,0.28009513,27.572311
49_-121,British Columbia,49.5,-120.5,173,5,136,0.17658517,29.127232
49_-122,British Columbia,49.5,-121.5,173,4,126,0.16290519,15.306268
49_-123,British Columbia,49.5,-122.5,173,3,78,0.09072661,8.775156
49_-124,British Columbia,49.5,-123.5,173,3,112,0.10876983,4.0926566
49_-125,British Columbia,49.5,-124.5,173,3,143,0.13770173,7.74268
49_-126,British Columbia,49.5,-125.5,173,1,48,0.062276114,8.011243
49_-127,British Columbia,49.5,-126.5,173,1,0,0.011664118,3.673036
49_-54,Newfoundland and Labrador,49.5,-53.5,173,0,0,0.00353896,2.6869826
49_-55,Newfoundland and Labrador,49.5,-54.5,173,0,0,0.009390087,3.864108
49_-56,Newfoundland and Labrador,49.5,-55.5,173,0,3,0.02016172,5.1894655
49_-57,Newfoundland and Labrador,49.5,-56.5,173,0,1,0.01829636,6.9412875
49_-58,Newfoundland and Labrador,49.5,-57.5,173,0,0,0.0062714797,3.7146633
49_-65,Quebec,49.5,-64.5,173,1,0,0.0032303152,3.5415947
49_-66,Quebec,49.5,-65.5,173,0,0,0.0065557812,2.2657838
49_-68,Quebec,49.5,-67.5,173,0,0,0.006102835,2.6377096
49_-69,Quebec,49.5,-68.5,173,1,4,0.02079003,3.255616
49_-70,Quebec,49.5,-69.5,173,0,1,0.012285212,3.5025601
49_-71,Quebec,49.5,-70.5,173,0,1,0.012588457,2.3792417
49_-72,Quebec,49.5,-71.5,173,2,3,0.015625063,2.7914681
49_-73,Quebec,49.5,-72.5,173,0,4,0.023097027,3.9441574
49_-74,Quebec,49.5,-73.5,173,1,3,0.011937165,3.349545
49_-75,Quebec,49.5,-74.5,173,1,7,0.02573941,5.4512334
49_-76,Quebec,49.5,-75.5,173,3,7,0.024724908,4.6739964
49_-77,Quebec,49.5,-76.5,173,0,7,0.01935228,5.343921
49_-78,Quebec,49.5,-77.5,173,1,3,0.018634155,6.0015807
49_-79,Quebec,49.5,-78.5,173,3,1,0.014826273,5.2698245
49_-80,Quebec,49.5,-79.5,173,2,0,0.015651068,5.0104504
49_-81,Ontario,49.5,-80.5,173,1,0,0.01896555,6.5797453
49_-82,Ontario,49.5,-81.5,173,2,2,0.022925979,6.485431
49_-83,Ontario,49.5,-82.5,173,1,2,0.02639901,6.246119
49_-84,Ontario,49.5,-83.5,173,1,1,0.023495633,5.8726726
49_-85,Ontario,49.5,-84.5,173,1,0,0.021090483,5.315698
49_-86,Ontario,49.5,-85.5,173,1,20,0.04341308,6.4513645
49_-87,Ontario,49.5,-86.5,173,2,67,0.080137044,7.880175
49_-88,Ontario,49.5,-87.5,173,1,64,0.080558755,7.2999654
49_-89,Ontario,49.5,-88.5,173,2,39,0.04940468,4.852402
49_-90,Ontario,49.5,-89.5,173,1,52,0.06334596,7.173165
49_-91,Ontario,49.5,-90.5,173,1,64,0.07776268,7.541058
49_-92,Ontario,49.5,-91.5,173,3,76,0.0940157,8.424574
49_-93,Ontario,49.5,-92.5,173,2,77,0.08935635,8.745298
49_-94,Ontario,49.5,-93.5,173,1,88,0.104377106,6.7440414
49_-95,Ontario,49.5,-94.5,173,1,113,0.12133477,7.1473894
49_-96,Manitoba,49.5,-95.5,173,2,64,0.06960484,8.580638
49_-97,Manitoba,49.5,-96.5,173,3,17,0.028798213,9.43098
50_-100,Manitoba,50.5,-99.5,173,5,1,0.0053349575,7.7535357
50_-101,Manitoba,50.5,-100.5,173,5,1,0.0059435973,10.578817
50_-105,Saskatchewan,50.5,-104.5,173,2,1,0.0043250266,19.231644
50_-106,Saskatchewan,50.5,-105.5,173,2,0,0.0077619622,20.459015
50_-108,Saskatchewan,50.5,-107.5,173,2,0,0.0066337725,17.501848
50_-115,Alberta,50.5,-114.5,173,1,136,0.14254405,10.001512
50_-116,British Columbia,50.5,-115.5,173,2,114,0.132493,19.321146
50_-117,British Columbia,50.5,-116.5,173,3,104,0.12384684,16.499704
50_-118,British Columbia,50.5,-117.5,173,2,56,0.09394361,12.173876
50_-119,British Columbia,50.5,-118.5,173,2,84,0.10158631,14.055994
50_-120,British Columbia,50.5,-119.5,173,1,147,0.19122258,19.88509
50_-121,British Columbia,50.5,-120.5,173,5,155,0.18022917,26.119617
50_-122,British Columbia,50.5,-121.5,173,2,144,0.14622815,23.23736
50_-123,British Columbia,50.5,-122.5,173,4,142,0.14545311,21.5163
50_-124,British Columbia,50.5,-123.5,173,4,47,0.060668956,15.102222
50_-125,British Columbia,50.5,-124.5,173,1,23,0.044970054,8.921363
50_-126,British Columbia,50.5,-125.5,173,1,32,0.04588267,7.834683
50_-127,British Columbia,50.5,-126.5,173,2,15,0.035515543,5.9183307
50_-128,British Columbia,50.5,-127.5,173,0,0,0.017668713,2.3850288
50_-58,Newfoundland and Labrador,50.5,-57.5,173,0,0,0.008639818,5.3192167
50_-62,Quebec,50.5,-61.5,173,0,0,0.0044953143,3.4218018
50_-63,Quebec,50.5,-62.5,173,0,0,0.004110003,3.5148537
50_-64,Quebec,50.5,-63.5,173,0,0,0.0035511577,3.0090184
50_-65,Quebec,50.5,-64.5,173,0,0,0.0048999498,1.8091329
50_-66,Quebec,50.5,-65.5,173,0,0,0.004822976,2.797264
50_-67,Quebec,50.5,-66.5,173,1,0,0.014165665,2.5515926
50_-68,Quebec,50.5,-67.5,173,1,1,0.010766622,3.7138352
50_-69,Quebec,50.5,-68.5,173,1,4,0.0175592,3.4305224
50_-70,Quebec,50.5,-69.5,173,1,1,0.011445408,3.2043197
50_-71,Quebec,50.5,-70.5,173,0,1,0.010421631,3.1562023
50_-72,Quebec,50.5,-71.5,173,0,2,0.014137098,2.9144742
50_-73,Quebec,50.5,-72.5,173,1,3,0.015123333,2.946921
50_-74,Quebec,50.5,-73.5,173,1,3,0.01321585,3.6813016
50_-75,Quebec,50.5,-74.5,173,2,4,0.0136784045,4.1398993
50_-76,Quebec,50.5,-75.5,173,2,8,0.024391755,4.5982447
50_-77,Quebec,50.5,-76.5,173,0,11,0.027984831,5.189986
50_-78,Quebec,50.5,-77.5,173,1,5,0.020057917,7.2433357
50_-79,Quebec,50.5,-78.5,173,2,0,0.010742776,6.680372
50_-80,Quebec,50.5,-79.5,173,2,2,0.0102547845,5.049085
50_-82,Ontario,50.5,-81.5,173,0,0,0.009739479,5.5531483
50_-83,Ontario,50.5,-82.5,173,1,0,0.0044499375,5.816287
50_-84,Ontario,50.5,-83.5,173,0,0,0.0036998005,5.7468314
50_-85,Ontario,50.5,-84.5,173,0,0,0.0051577394,7.0943913
50_-86,Ontario,50.5,-85.5,173,1,0,0.010637303,8.125106
50_-87,Ontario,50.5,-86.5,173,1,43,0.05774752,9.090023
50_-88,Ontario,50.5,-87.5,173,2,61,0.07494196,9.501185
50_-89,Ontario,50.5,-88.5,173,3,27,0.049874682,10.104821
50_-90,Ontario,50.5,-89.5,173,2,48,0.06840306,10.779186
50_-91,Ontario,50.5,-90.5,173,2,44,0.07170826,9.782024
50_-92,Ontario,50.5,-91.5,173,2,50,0.075813785,9.8026085
50_-93,Ontario,50.5,-92.5,173,0,68,0.08414818,8.590537
50_-94,Ontario,50.5,-93.5,173,0,76,0.09664738,5.860215
50_-95,Ontario,50.5,-94.5,173,1,110,0.14457053,9.429742
50_-96,Manitoba,50.5,-95.5,173,1,71,0.08414815,9.254492
50_-97,Manitoba,50.5,-96.5,173,5,13,0.034221772,8.563471
51_-100,Manitoba,51.5,-99.5,173,3,1,0.014496643,10.500678
51_-101,Manitoba,51.5,-100.5,173,3,0,0.0058991075,8.580553
51_-102,Manitoba,51.5,-101.5,173,4,0,0.0036988123,6.2219915
51_-107,Saskatchewan,51.5,-106.5,173,2,1,0.012669044,15.696697
51_-108,Saskatchewan,51.5,-107.5,173,5,0,0.0049934066,15.950369
51_-115,Alberta,51.5,-114.5,173,5,126,0.13403907,12.953716
51_-116,Alberta,51.5,-115.5,173,2,154,0.1875957,14.288408
51_-117,British Columbia,51.5,-116.5,173,2,58,0.07156927,13.902939
51_-118,British Columbia,51.5,-117.5,173,2,61,0.076959476,14.379799
51_-119,British Columbia,51.5,-118.5,173,3,45,0.084812686,10.088377
51_-120,British Columbia,51.5,-119.5,173,2,81,0.08831453,13.920519
51_-121,British Columbia,51.5,-120.5,173,2,89,0.088591985,14.43216
51_-122,British Columbia,51.5,-121.5,173,3,130,0.12837459,21.190817
51_-123,British Columbia,51.5,-122.5,173,1,55,0.06127599,20.169785
51_-124,British Columbia,51.5,-123.5,173,1,44,0.07219739,23.642117
51_-125,British Columbia,51.5,-124.5,173,2,17,0.035765637,22.73988
51_-126,British Columbia,51.5,-125.5,173,0,0,0.014773235,17.80766
51_-127,British Columbia,51.5,-126.5,173,0,0,0.00627219,7.047142
51_-128,British Columbia,51.5,-127.5,173,0,0,0.004094608,3.557534
51_-62,Quebec,51.5,-61.5,173,1,0,0.0049606063,5.575971
51_-64,Quebec,51.5,-63.5,173,1,0,0.004722871,3.7646074
51_-65,Quebec,51.5,-64.5,173,2,0,0.0038492556,3.9175801
51_-66,Quebec,51.5,-65.5,173,1,0,0.0027295898,3.4158878
51_-67,Quebec,51.5,-66.5,173,0,0,0.0047312602,2.627534
51_-68,Quebec,51.5,-67.5,173,3,0,0.0055879434,2.6563447
51_-69,Quebec,51.5,-68.5,173,1,1,0.008947874,3.1400244
51_-70,Quebec,51.5,-69.5,173,1,2,0.008554826,3.9187694
51_-71,Quebec,51.5,-70.5,173,1,0,0.0053513004,3.9109218
51_-72,Quebec,51.5,-71.5,173,1,2,0.008797725,3.6665895
51_-73,Quebec,51.5,-72.5,173,2,0,0.0055997907,4.289599
51_-75,Quebec,51.5,-74.5,173,2,3,0.0075333165,4.3424096
51_-76,Quebec,51.5,-75.5,173,0,6,0.015588272,6.106262
51_-77,Quebec,51.5,-76.5,173,1,7,0.023002505,5.7918396
51_-78,Quebec,51.5,-77.5,173,1,2,0.01134281,7.84557
51_-79,Quebec,51.5,-78.5,173,1,0,0.014016455,8.29022
51_-81,Ontario,51.5,-80.5,173,0,0,0.0071104234,5.065449
51_-82,Ontario,51.5,-81.5,173,2,1,0.007919282,5.285169
51_-86,Ontario,51.5,-85.5,173,0,2,0.02065306,10.101844
51_-87,Ontario,51.5,-86.5,173,0,0,0.013228808,9.852153
51_-88,Ontario,51.5,-87.5,173,2,10,0.032403365,8.278073
51_-89,Ontario,51.5,-88.5,173,3,7,0.026180785,8.258029
51_-90,Ontario,51.5,-89.5,173,2,3,0.021758081,9.581541
51_-91,Ontario,51.5,-90.5,173,2,48,0.07244235,9.69435
51_-92,Ontario,51.5,-91.5,173,2,24,0.04848064,9.069553
51_-93,Ontario,51.5,-92.5,173,2,28,0.054322325,7.9954677
51_-94,Ontario,51.5,-93.5,173,1,68,0.091868974,6.850095
51_-95,Ontario,51.5,-94.5,173,1,57,0.07723919,8.410117
51_-96,Manitoba,51.5,-95.5,173,0,39,0.058218263,9.46506
51_-97,Manitoba,51.5,-96.5,173,1,31,0.048191197,9.464944
51_-98,Manitoba,51.5,-97.5,173,2,18,0.025509927,8.632757
51_-99,Manitoba,51.5,-98.5,173,3,16,0.03048017,9.775134
52_-101,Manitoba,52.5,-100.5,173,1,0,0.006528968,7.4980707
52_-102,Manitoba,52.5,-101.5,173,3,0,0.012235512,6.1983356
52_-103,Saskatchewan,52.5,-102.5,173,2,6,0.02189924,7.7017884
52_-104,Saskatchewan,52.5,-103.5,173,4,1,0.014381475,8.857294
52_-106,Saskatchewan,52.5,-105.5,173,3,0,0.0034656625,11.404801
52_-107,Saskatchewan,52.5,-106.5,173,3,6,0.020858428,13.853544
52_-115,Alberta,52.5,-114.5,173,4,53,0.05760185,7.903693
52_-116,Alberta,52.5,-115.5,173,1,136,0.15913823,7.2239046
52_-117,Alberta,52.5,-116.5,173,1,81,0.08419466,8.142794
52_-118,Alberta,52.5,-117.5,173,2,3,0.02653497,12.355286
52_-119,British Columbia,52.5,-118.5,173,1,31,0.054960046,9.749203
52_-120,British Columbia,52.5,-119.5,173,1,41,0.062320292,9.202291
52_-121,British Columbia,52.5,-120.5,173,3,32,0.053570636,9.592995
52_-122,British Columbia,52.5,-121.5,173,1,85,0.087290116,12.128493
52_-123,British Columbia,52.5,-122.5,173,4,124,0.12341753,12.400104
52_-124,British Columbia,52.5,-123.5,173,3,80,0.09481807,14.37652
52_-125,British Columbia,52.5,-124.5,173,4,19,0.033645947,16.60647
52_-126,British Columbia,52.5,-125.5,173,2,61,0.061190005,15.435081
52_-127,British Columbia,52.5,-126.5,173,2,5,0.021378964,11.564574
52_-128,British Columbia,52.5,-127.5,173,0,0,0.003886955,6.240753
52_-67,Quebec,52.5,-66.5,173,1,0,0.0031223972,5.9748096
52_-68,Quebec,52.5,-67.5,173,2,0,0.005861805,4.8849607
52_-69,Quebec,52.5,-68.5,173,1,0,0.0032068826,4.7062163
52_-70,Quebec,52.5,-69.5,173,2,0,0.0036166052,4.536465
52_-75,Quebec,52.5,-74.5,173,1,3,0.0076501495,3.9753704
52_-76,Quebec,52.5,-75.5,173,3,3,0.009343933,5.3638005
52_-77,Quebec,52.5,-76.5,173,2,8,0.023521982,6.522326
52_-78,Quebec,52.5,-77.5,173,2,3,0.014536426,7.6499734
52_-79,Quebec,52.5,-78.5,173,1,0,0.01014339,7.9673724
52_-82,Ontario,52.5,-81.5,173,0,0,0.012193651,6.595619
52_-83,Ontario,52.5,-82.5,173,3,0,0.009045385,7.162135
52_-84,Ontario,52.5,-83.5,173,1,0,0.0065889563,8.036999
52_-87,Ontario,52.5,-86.5,173,1,0,0.009689665,8.715949
52_-88,Ontario,52.5,-87.5,173,1,7,0.028961036,7.480017
52_-89,Ontario,52.5,-88.5,173,1,3,0.020371811,7.5679264
52_-90,Ontario,52.5,-89.5,173,1,6,0.023081474,8.481337
52_-91,Ontario,52.5,-90.5,173,0,5,0.019891804,6.501179
52_-92,Ontario,52.5,-91.5,173,0,7,0.02393779,5.211563
52_-93,Ontario,52.5,-92.5,173,2,1,0.017525204,6.6011705
52_-94,Ontario,52.5,-93.5,173,2,10,0.033233266,6.524487
52_-95,Ontario,52.5,-94.5,173,2,20,0.047207545,7.862699
52_-96,Manitoba,52.5,-95.5,173,1,12,0.035972793,9.152798
52_-97,Manitoba,52.5,-96.5,173,1,7,0.031388324,9.128689
52_-98,Manitoba,52.5,-97.5,173,1,0,0.008316486,6.4722776
52_-99,Manitoba,52.5,-98.5,173,1,0,0.009650331,9.085089
53_-100,Manitoba,53.5,-99.5,173,3,1,0.022276537,6.4097776
53_-101,Manitoba,53.5,-100.5,173,0,0,0.009225389,9.548363
53_-102,Manitoba,53.5,-101.5,173,0,0,0.016049935,8.93796
53_-103,Saskatchewan,53.5,-102.5,173,1,18,0.035716206,7.0067334
53_-104,Saskatchewan,53.5,-103.5,173,4,6,0.022675585,10.864733
53_-105,Saskatchewan,53.5,-104.5,173,1,19,0.04243165,13.720152
53_-106,Saskatchewan,53.5,-105.5,173,1,83,0.11890966,10.251894
53_-107,Saskatchewan,53.5,-106.5,173,2,48,0.07420894,9.323286
53_-108,Saskatchewan,53.5,-107.5,173,1,34,0.06106107,8.78976
53_-109,Saskatchewan,53.5,-108.5,173,0,0,0.01249648,6.8107276
53_-110,Saskatchewan,53.5,-109.5,173,2,0,0.008523163,7.3986597
53_-113,Alberta,53.5,-112.5,173,3,0,0.0063731517,9.025935
53_-116,Alberta,53.5,-115.5,173,3,67,0.08906328,6.8139024
53_-117,Alberta,53.5,-116.5,173,0,88,0.10264294,8.179425
53_-118,Alberta,53.5,-117.5,173,3,91,0.09197122,8.77392
53_-119,Alberta,53.5,-118.5,173,0,2,0.02416078,10.836688
53_-120,British Columbia,53.5,-119.5,173,2,0,0.024380695,9.451119
53_-121,British Columbia,53.5,-120.5,173,0,16,0.036645923,7.5924335
53_-122,British Columbia,53.5,-121.5,173,1,7,0.031193838,5.8169513
53_-123,British Columbia,53.5,-122.5,173,0,76,0.07635894,8.329359
53_-124,British Columbia,53.5,-123.5,173,3,84,0.08156511,12.56445
53_-125,British Columbia,53.5,-124.5,173,2,29,0.044069078,12.747152
53_-126,British Columbia,53.5,-125.5,173,1,37,0.0413157,10.5613165
53_-127,British Columbia,53.5,-126.5,173,0,1,0.013442043,11.889489
53_-128,British Columbia,53.5,-127.5,173,0,0,0.005226004,11.976676
53_-129,British Columbia,53.5,-128.5,173,1,0,0.009108393,7.3083973
53_-132,British Columbia,53.5,-131.5,173,0,0,0.0044127298,3.8474846
53_-133,British Columbia,53.5,-132.5,173,0,0,0.0040217587,3.5158553
53_-61,Newfoundland and Labrador,53.5,-60.5,173,3,0,0.0049331356,5.5230265
53_-73,Quebec,53.5,-72.5,173,1,2,0.006035616,5.2929053
53_-74,Quebec,53.5,-73.5,173,1,2,0.00827764,6.8797197
53_-75,Quebec,53.5,-74.5,173,2,0,0.0038221069,5.4460144
53_-77,Quebec,53.5,-76.5,173,2,1,0.007948728,6.1640034
53_-78,Quebec,53.5,-77.5,173,1,2,0.010844153,6.90134
53_-79,Quebec,53.5,-78.5,173,2,5,0.0189621,7.4579406
53_-84,Ontario,53.5,-83.5,173,0,0,0.0052870614,7.414167
53_-85,Ontario,53.5,-84.5,173,2,0,0.005251047,6.2367954
53_-88,Ontario,53.5,-87.5,173,1,0,0.013304293,6.7278867
53_-89,Ontario,53.5,-88.5,173,2,0,0.018237565,6.352726
53_-90,Ontario,53.5,-89.5,173,0,8,0.02769214,5.804156
53_-91,Ontario,53.5,-90.5,173,0,1,0.017776726,5.6613283
53_-92,Ontario,53.5,-91.5,173,2,6,0.021612119,6.3291993
53_-93,Ontario,53.5,-92.5,173,2,2,0.019958729,6.628363
53_-94,Ontario,53.5,-93.5,173,1,6,0.027658518,6.86852
53_-95,Manitoba,53.5,-94.5,173,1,20,0.04116358,6.1899114
53_-96,Manitoba,53.5,-95.5,173,4,0,0.009265971,6.8709555
53_-97,Manitoba,53.5,-96.5,173,2,0,0.006496751,7.192426
53_-98,Manitoba,53.5,-97.5,173,2,1,0.013105185,6.7747602
54_-100,Manitoba,54.5,-99.5,173,1,3,0.0258567,5.9812183
54_-101,Manitoba,54.5,-100.5,173,2,4,0.02957387,8.279466
54_-102,Manitoba,54.5,-101.5,173,1,28,0.058621336,9.944706
54_-103,Saskatchewan,54.5,-102.5,173,2,23,0.051466532,10.763177
54_-104,Saskatchewan,54.5,-103.5,173,3,52,0.07997158,10.763986
54_-105,Saskatchewan,54.5,-104.5,173,3,22,0.051515564,11.152537
54_-106,Saskatchewan,54.5,-105.5,173,1,91,0.121448465,12.896958
54_-107,Saskatchewan,54.5,-106.5,173,0,20,0.04972737,11.713484
54_-108,Saskatchewan,54.5,-107.5,173,0,18,0.051956795,9.373021
54_-109,Saskatchewan,54.5,-108.5,173,3,29,0.058533188,8.095234
54_-110,Saskatchewan,54.5,-109.5,173,1,38,0.05855495,6.2235985
54_-111,Alberta,54.5,-110.5,173,1,15,0.030754447,6.281313
54_-112,Alberta,54.5,-111.5,173,2,51,0.061106693,6.19278
54_-113,Alberta,54.5,-112.5,173,3,1,0.017565204,6.6995597
54_-114,Alberta,54.5,-113.5,173,2,0,0.01875562,6.103798
54_-115,Alberta,54.5,-114.5,173,4,31,0.041843478,7.691647
54_-116,Alberta,54.5,-115.5,173,3,74,0.101313695,6.229977
54_-117,Alberta,54.5,-116.5,173,2,27,0.04867045,6.354532
54_-118,Alberta,54.5,-117.5,173,0,18,0.046501737,5.1043096
54_-119,Alberta,54.5,-118.5,173,3,24,0.047200352,6.3121657
54_-120,Alberta,54.5,-119.5,173,3,6,0.034814972,8.871743
54_-121,British Columbia,54.5,-120.5,173,0,0,0.0072025335,8.777087
54_-122,British Columbia,54.5,-121.5,173,0,0,0.015964426,7.7737513
54_-123,British Columbia,54.5,-122.5,173,1,24,0.051921785,9.6651745
54_-124,British Columbia,54.5,-123.5,173,0,19,0.040603917,13.429882
54_-125,British Columbia,54.5,-124.5,173,1,82,0.075661704,14.727392
54_-126,British Columbia,54.5,-125.5,173,1,46,0.05529473,11.87832
54_-127,British Columbia,54.5,-126.5,173,0,47,0.052113533,15.415518
54_-128,British Columbia,54.5,-127.5,173,3,21,0.032081712,10.236894
54_-129,British Columbia,54.5,-128.5,173,2,39,0.060935654,6.605809
54_-130,British Columbia,54.5,-129.5,173,2,0,0.0049559586,5.07464
54_-71,Quebec,54.5,-70.5,173,1,0,0.0052998373,5.563038
54_-72,Quebec,54.5,-71.5,173,1,0,0.0028426517,5.451732
54_-77,Quebec,54.5,-76.5,173,1,0,0.0045151375,6.739892
54_-91,Ontario,54.5,-90.5,173,3,0,0.005084974,5.7890644
54_-92,Ontario,54.5,-91.5,173,2,0,0.0066705802,5.7804756
54_-93,Ontario,54.5,-92.5,173,1,0,0.005169,5.8887672
54_-94,Manitoba,54.5,-93.5,173,0,4,0.01353101,5.6788554
54_-95,Manitoba,54.5,-94.5,173,1,11,0.031084673,5.3106294
54_-96,Manitoba,54.5,-95.5,173,2,6,0.02186269,5.7085314
54_-97,Manitoba,54.5,-96.5,173,1,1,0.012476685,6.6568975
54_-98,Manitoba,54.5,-97.5,173,2,5,0.031697255,6.7418585
54_-99,Manitoba,54.5,-98.5,173,1,4,0.023223678,6.68137
55_-100,Manitoba,55.5,-99.5,173,1,2,0.024241515,7.3847456
55_-101,Manitoba,55.5,-100.5,173,3,7,0.03163672,11.393575
55_-102,Manitoba,55.5,-101.5,173,1,28,0.05680822,9.945992
55_-103,Saskatchewan,55.5,-102.5,173,3,98,0.12493247,11.304621
55_-104,Saskatchewan,55.5,-103.5,173,1,29,0.053608757,12.845304
55_-105,Saskatchewan,55.5,-104.5,173,2,77,0.11648145,13.3895445
55_-106,Saskatchewan,55.5,-105.5,173,2,91,0.13313076,12.822084
55_-107,Saskatchewan,55.5,-106.5,173,1,55,0.08521878,12.368381
55_-108,Saskatchewan,55.5,-107.5,173,2,53,0.07790234,9.7868
55_-109,Saskatchewan,55.5,-108.5,173,3,40,0.07325555,9.077677
55_-110,Saskatchewan,55.5,-109.5,173,1,7,0.035202898,9.977964
55_-111,Alberta,55.5,-110.5,173,2,64,0.11105333,7.1551194
55_-112,Alberta,55.5,-111.5,173,1,14,0.03373225,6.526991
55_-113,Alberta,55.5,-112.5,173,1,6,0.02904383,5.9799595
55_-114,Alberta,55.5,-113.5,173,2,56,0.07853836,5.8774476
55_-115,Alberta,55.5,-114.5,173,2,55,0.070064045,6.608581
55_-116,Alberta,55.5,-115.5,173,2,103,0.11793711,7.8471417
55_-117,Alberta,55.5,-116.5,173,1,71,0.09200623,6.969528
55_-118,Alberta,55.5,-117.5,173,0,34,0.052269015,9.081643
55_-119,Alberta,55.5,-118.5,173,2,33,0.058287047,10.864865
55_-120,Alberta,55.5,-119.5,173,4,58,0.06897598,15.175892
55_-121,British Columbia,55.5,-120.5,173,3,43,0.05885289,15.551729
55_-122,British Columbia,55.5,-121.5,173,1,61,0.07819206,12.196234
55_-123,British Columbia,55.5,-122.5,173,0,1,0.02564089,9.566516
55_-124,British Columbia,55.5,-123.5,173,1,1,0.028128302,10.696201
55_-125,British Columbia,55.5,-124.5,173,1,0,0.011710918,9.049556
55_-126,British Columbia,55.5,-125.5,173,0,0,0.010607726,8.986836
55_-127,British Columbia,55.5,-126.5,173,0,0,0.009637752,6.2219872
55_-128,British Columbia,55.5,-127.5,173,1,34,0.04618447,6.9102273
55_-129,British Columbia,55.5,-128.5,173,1,22,0.032780398,7.762556
55_-130,British Columbia,55.5,-129.5,173,0,3,0.014310722,6.90153
55_-86,Ontario,55.5,-85.5,173,1,0,0.0038662832,5.7158356
55_-88,Ontario,55.5,-87.5,173,2,0,0.0067657805,5.863234
55_-93,Manitoba,55.5,-92.5,173,2,0,0.010641359,6.6090927
55_-94,Manitoba,55.5,-93.5,173,0,0,0.0056323577,6.4651666
55_-95,Manitoba,55.5,-94.5,173,0,0,0.0071664196,6.5060863
55_-96,Manitoba,55.5,-95.5,173,1,1,0.014779418,6.735271
55_-97,Manitoba,55.5,-96.5,173,0,0,0.012305941,7.136071
55_-98,Manitoba,55.5,-97.5,173,0,3,0.021621436,7.354578
55_-99,Manitoba,55.5,-98.5,173,1,10,0.038046617,7.124324
56_-100,Manitoba,56.5,-99.5,173,3,1,0.020377537,7.7915354
56_-101,Manitoba,56.5,-100.5,173,2,5,0.029044615,8.210802
56_-102,Manitoba,56.5,-101.5,173,1,11,0.03341335,8.714339
56_-103,Saskatchewan,56.5,-102.5,173,2,19,0.040787425,9.157992
56_-104,Saskatchewan,56.5,-103.5,173,1,66,0.07575106,9.580406
56_-105,Saskatchewan,56.5,-104.5,173,1,16,0.040407553,12.357162
56_-106,Saskatchewan,56.5,-105.5,173,1,2,0.026853504,11.740445
56_-107,Saskatchewan,56.5,-106.5,173,3,3,0.025437573,11.41313
56_-108,Saskatchewan,56.5,-107.5,173,2,2,0.03028259,11.131399
56_-109,Saskatchewan,56.5,-108.5,173,2,36,0.06624888,13.263453
56_-110,Saskatchewan,56.5,-109.5,173,0,26,0.057886466,10.913893
56_-111,Alberta,56.5,-110.5,173,3,13,0.04262079,9.721321
56_-112,Alberta,56.5,-111.5,173,1,56,0.063602924,11.55214
56_-113,Alberta,56.5,-112.5,173,0,5,0.03178255,9.652311
56_-114,Alberta,56.5,-113.5,173,0,7,0.035207737,6.52459
56_-115,Alberta,56.5,-114.5,173,1,20,0.051579714,7.564985
56_-116,Alberta,56.5,-115.5,173,0,31,0.066099964,8.51327
56_-117,Alberta,56.5,-116.5,173,1,43,0.071613334,9.742287
56_-118,Alberta,56.5,-117.5,173,1,32,0.058329947,10.492893
56_-119,Alberta,56.5,-118.5,173,0,5,0.039994247,10.667242
56_-120,Alberta,56.5,-119.5,173,1,11,0.044316903,12.185568
56_-121,British Columbia,56.5,-120.5,173,3,46,0.06460163,16.303514
56_-122,British Columbia,56.5,-121.5,173,2,45,0.058132883,12.021673
56_-123,British Columbia,56.5,-122.5,173,2,7,0.03053502,12.254336
56_-124,British Columbia,56.5,-123.5,173,1,0,0.0039132806,11.216144
56_-125,British Columbia,56.5,-124.5,173,0,0,0.0049135345,8.476574
56_-126,British Columbia,56.5,-125.5,173,1,0,0.005965144,6.3155
56_-127,British Columbia,56.5,-126.5,173,0,0,0.003751516,7.2154202
56_-128,British Columbia,56.5,-127.5,173,2,0,0.0046527367,7.4164853
56_-130,British Columbia,56.5,-129.5,173,1,0,0.009867479,5.6430426
56_-88,Ontario,56.5,-87.5,173,0,1,0.01068448,5.561321
56_-93,Manitoba,56.5,-92.5,173,1,0,0.0064276573,8.078334
56_-94,Manitoba,56.5,-93.5,173,1,2,0.013886773,7.821024
56_-95,Manitoba,56.5,-94.5,173,3,0,0.013525348,8.003494
56_-96,Manitoba,56.5,-95.5,173,2,1,0.013945009,7.5055656
56_-97,Manitoba,56.5,-96.5,173,2,5,0.025708623,6.7035975
56_-98,Manitoba,56.5,-97.5,173,1,0,0.0051729693,6.689754
56_-99,Manitoba,56.5,-98.5,173,2,0,0.014970519,6.9287157
57_-100,Manitoba,57.5,-99.5,173,3,0,0.0039684186,8.75111
57_-101,Manitoba,57.5,-100.5,173,2,0,0.011936826,8.711453
57_-102,Manitoba,57.5,-101.5,173,2,1,0.015325474,8.496087
57_-103,Saskatchewan,57.5,-102.5,173,1,3,0.02566113,7.4987516
57_-104,Saskatchewan,57.5,-103.5,173,3,19,0.04015021,7.7301726
57_-105,Saskatchewan,57.5,-104.5,173,1,1,0.021523245,9.201506
57_-106,Saskatchewan,57.5,-105.5,173,1,0,0.01553158,11.569081
57_-107,Saskatchewan,57.5,-106.5,173,3,1,0.013295717,11.539393
57_-108,Saskatchewan,57.5,-107.5,173,1,0,0.012306082,12.247063
57_-109,Saskatchewan,57.5,-108.5,173,2,0,0.011370331,12.409786
57_-110,Saskatchewan,57.5,-109.5,173,1,0,0.010166888,11.818649
57_-111,Alberta,57.5,-110.5,173,1,2,0.027077554,11.374626
57_-112,Alberta,57.5,-111.5,173,3,22,0.04224017,11.693549
57_-113,Alberta,57.5,-112.5,173,0,6,0.030472472,11.2722225
57_-114,Alberta,57.5,-113.5,173,1,10,0.032369085,8.6606865
57_-115,Alberta,57.5,-114.5,173,0,15,0.04209987,8.618785
57_-116,Alberta,57.5,-115.5,173,0,17,0.051776476,9.114296
57_-117,Alberta,57.5,-116.5,173,4,19,0.048376463,9.77698
57_-118,Alberta,57.5,-117.5,173,3,17,0.048838343,9.075894
57_-119,Alberta,57.5,-118.5,173,0,6,0.028207142,8.862985
57_-120,Alberta,57.5,-119.5,173,0,3,0.019478742,8.303394
57_-121,British Columbia,57.5,-120.5,173,0,2,0.021283582,10.4613905
57_-122,British Columbia,57.5,-121.5,173,2,0,0.017253183,8.657005
57_-123,British Columbia,57.5,-122.5,173,1,0,0.007850937,9.198384
57_-124,British Columbia,57.5,-123.5,173,1,0,0.0032144827,9.770177
57_-126,British Columbia,57.5,-125.5,173,1,0,0.008622458,7.937461
57_-131,British Columbia,57.5,-130.5,173,0,0,0.0046478356,8.625878
57_-132,British Columbia,57.5,-131.5,173,1,0,0.004154837,11.840141
57_-95,Manitoba,57.5,-94.5,173,2,0,0.0027582927,5.874077
57_-96,Manitoba,57.5,-95.5,173,2,0,0.003220714,6.1048474
57_-98,Manitoba,57.5,-97.5,173,3,0,0.003136692,7.9518147
58_-100,Manitoba,58.5,-99.5,173,2,0,0.003656497,8.562776
58_-101,Manitoba,58.5,-100.5,173,1,0,0.0045408313,8.573065
58_-102,Manitoba,58.5,-101.5,173,1,0,0.007865303,7.5700235
58_-103,Saskatchewan,58.5,-102.5,173,2,1,0.012919777,7.184694
58_-104,Saskatchewan,58.5,-103.5,173,1,15,0.03930186,7.5153666
58_-105,Saskatchewan,58.5,-104.5,173,2,2,0.01986142,8.286619
58_-106,Saskatchewan,58.5,-105.5,173,0,0,0.009208287,9.890421
58_-107,Saskatchewan,58.5,-106.5,173,2,0,0.006410553,10.170522
58_-108,Saskatchewan,58.5,-107.5,173,1,0,0.008232987,8.976453
58_-109,Saskatchewan,58.5,-108.5,173,0,0,0.011852322,9.049188
58_-110,Saskatchewan,58.5,-109.5,173,0,0,0.013581784,8.690113
58_-111,Alberta,58.5,-110.5,173,1,0,0.013651408,9.5925045
58_-112,Alberta,58.5,-111.5,173,0,1,0.015375523,8.45094
58_-113,Alberta,58.5,-112.5,173,1,0,0.009068197,7.8917484
58_-114,Alberta,58.5,-113.5,173,1,2,0.021342063,7.916892
58_-115,Alberta,58.5,-114.5,173,3,74,0.121075,8.892958
58_-116,Alberta,58.5,-115.5,173,3,50,0.070076294,12.104262
58_-117,Alberta,58.5,-116.5,173,3,62,0.088313915,11.742733
58_-118,Alberta,58.5,-117.5,173,4,27,0.059812922,12.683628
58_-119,Alberta,58.5,-118.5,173,0,74,0.104704,12.262173
58_-120,Alberta,58.5,-119.5,173,1,9,0.036590394,11.881084
58_-121,British Columbia,58.5,-120.5,173,1,3,0.022210114,12.273745
58_-122,British Columbia,58.5,-121.5,173,1,13,0.033736616,12.278369
58_-123,British Columbia,58.5,-122.5,173,2,17,0.03964344,10.895213
58_-124,British Columbia,58.5,-123.5,173,1,1,0.016553057,10.598519
58_-125,British Columbia,58.5,-124.5,173,0,0,0.0037648105,9.208396
58_-126,British Columbia,58.5,-125.5,173,3,0,0.005499231,8.848966
58_-127,British Columbia,58.5,-126.5,173,1,0,0.0030166751,7.9618917
58_-128,British Columbia,58.5,-127.5,173,2,0,0.004064843,8.716313
58_-131,British Columbia,58.5,-130.5,173,0,0,0.0038362376,8.116906
58_-98,Manitoba,58.5,-97.5,173,3,0,0.004093371,8.520719
58_-99,Manitoba,58.5,-98.5,173,2,0,0.0038757238,8.638873
59_-101,Manitoba,59.5,-100.5,173,1,0,0.0036385907,7.7948627
59_-103,Saskatchewan,59.5,-102.5,173,1,0,0.0034150644,8.853618
59_-104,Saskatchewan,59.5,-103.5,173,1,0,0.007472203,9.219776
59_-105,Saskatchewan,59.5,-104.5,173,2,0,0.00988201,9.961729
59_-106,Saskatchewan,59.5,-105.5,173,1,17,0.037641786,10.5394125
59_-107,Saskatchewan,59.5,-106.5,173,0,0,0.012468921,9.877161
59_-108,Saskatchewan,59.5,-107.5,173,2,3,0.01816528,8.087583
59_-109,Saskatchewan,59.5,-108.5,173,0,1,0.012734387,7.9549084
59_-110,Saskatchewan,59.5,-109.5,173,0,0,0.007653811,7.2218847
59_-111,Alberta,59.5,-110.5,173,0,1,0.012889937,7.600472
59_-112,Alberta,59.5,-111.5,173,1,5,0.024724012,10.396465
59_-113,Alberta,59.5,-112.5,173,1,4,0.022259232,11.331666
59_-114,Alberta,59.5,-113.5,173,3,12,0.03158935,10.505085
59_-115,Alberta,59.5,-114.5,173,1,10,0.029422477,11.834683
59_-116,Alberta,59.5,-115.5,173,2,10,0.027459258,11.657727
59_-117,Alberta,59.5,-116.5,173,1,27,0.04770304,11.964267
59_-118,Alberta,59.5,-117.5,173,2,49,0.078481495,11.738601
59_-119,Alberta,59.5,-118.5,173,1,16,0.04158933,12.215301
59_-120,Alberta,59.5,-119.5,173,1,24,0.044823386,12.422174
59_-121,British Columbia,59.5,-120.5,173,0,4,0.03019219,12.883525
59_-122,British Columbia,59.5,-121.5,173,0,12,0.03193568,12.744411
59_-123,British Columbia,59.5,-122.5,173,2,7,0.025413161,10.469919
59_-124,British Columbia,59.5,-123.5,173,0,8,0.018753044,9.11717
59_-125,British Columbia,59.5,-124.5,173,0,0,0.007327936,8.164038
59_-127,British Columbia,59.5,-126.5,173,1,0,0.0033278228,8.329607
59_-128,British Columbia,59.5,-127.5,173,0,0,0.004183548,7.691197
59_-129,British Columbia,59.5,-128.5,173,1,0,0.00925993,9.179924
59_-130,British Columbia,59.5,-129.5,173,1,0,0.007904524,9.996393
59_-134,British Columbia,59.5,-133.5,173,1,0,0.004890583,12.95153
60_-104,Northwest Territories,60.5,-103.5,173,2,0,0.0034061794,7.9715896
60_-105,Northwest Territories,60.5,-104.5,173,1,0,0.005265437,10.5412445
60_-106,Northwest Territories,60.5,-105.5,173,0,0,0.00549701,9.668224
60_-107,Northwest Territories,60.5,-106.5,173,2,0,0.008724942,9.244821
60_-108,Northwest Territories,60.5,-107.5,173,1,0,0.01314461,8.530454
60_-109,Northwest Territories,60.5,-108.5,173,3,0,0.014944033,9.555481
60_-110,Northwest Territories,60.5,-109.5,173,1,0,0.008386035,10.687648
60_-111,Northwest Territories,60.5,-110.5,173,2,1,0.021402018,11.498325
60_-112,Northwest Territories,60.5,-111.5,173,1,10,0.03304625,11.638718
60_-113,Northwest Territories,60.5,-112.5,173,2,9,0.030297033,12.431056
60_-114,Northwest Territories,60.5,-113.5,173,3,12,0.032942787,14.690827
60_-115,Northwest Territories,60.5,-114.5,173,2,2,0.029606825,18.043749
60_-116,Northwest Territories,60.5,-115.5,173,1,2,0.02576542,16.934118
60_-117,Northwest Territories,60.5,-116.5,173,2,17,0.039867174,15.178491
60_-118,Northwest Territories,60.5,-117.5,173,1,9,0.031919383,14.250369
60_-119,Northwest Territories,60.5,-118.5,173,2,6,0.025005348,12.449069
60_-120,Northwest Territories,60.5,-119.5,173,0,1,0.016004352,11.18397
60_-121,Northwest Territories,60.5,-120.5,173,1,3,0.01760443,9.165166
60_-122,Northwest Territories,60.5,-121.5,173,1,2,0.0148310065,8.875963
60_-123,Northwest Territories,60.5,-122.5,173,2,6,0.014549391,10.423018
60_-124,Northwest Territories,60.5,-123.5,173,1,2,0.017705468,11.610798
60_-125,Yukon,60.5,-124.5,173,0,0,0.006062335,10.917334
60_-126,Yukon,60.5,-125.5,173,0,0,0.010202317,10.640073
60_-127,Yukon,60.5,-126.5,173,1,0,0.0049069272,8.876784
60_-128,Yukon,60.5,-127.5,173,1,0,0.0039983923,8.022084
60_-129,Yukon,60.5,-128.5,173,1,0,0.008502796,8.581621
60_-130,Yukon,60.5,-129.5,173,1,0,0.0064879768,8.805695
60_-131,Yukon,60.5,-130.5,173,2,0,0.0042656334,9.129709
60_-133,Yukon,60.5,-132.5,173,0,0,0.0031304953,9.137658
60_-134,Yukon,60.5,-133.5,173,0,0,0.004129747,9.691388
60_-135,Yukon,60.5,-134.5,173,0,0,0.01795662,9.953582
60_-136,Yukon,60.5,-135.5,173,2,5,0.025337977,9.76595
60_-137,Yukon,60.5,-136.5,173,0,0,0.0034046853,8.864172
60_-138,Yukon,60.5,-137.5,173,0,0,0.007952312,8.710288
61_-106,Northwest Territories,61.5,-105.5,173,3,0,0.00445711,
61_-107,Northwest Territories,61.5,-106.5,173,1,0,0.0053676376,8.7352
61_-108,Northwest Territories,61.5,-107.5,173,1,0,0.0099419365,10.623245
61_-109,Northwest Territories,61.5,-108.5,173,2,0,0.010750169,10.769164
61_-110,Northwest Territories,61.5,-109.5,173,1,0,0.010367792,11.091838
61_-111,Northwest Territories,61.5,-110.5,173,0,0,0.015143368,11.669283
61_-112,Northwest Territories,61.5,-111.5,173,1,0,0.009466474,12.152123
61_-113,Northwest Territories,61.5,-112.5,173,1,0,0.013121077,12.067247
61_-114,Northwest Territories,61.5,-113.5,173,1,0,0.015035087,16.364773
61_-116,Northwest Territories,61.5,-115.5,173,1,0,0.007181238,15.991495
61_-117,Northwest Territories,61.5,-116.5,173,1,0,0.018160548,15.017928
61_-118,Northwest Territories,61.5,-117.5,173,0,0,0.025840031,13.429026
61_-119,Northwest Territories,61.5,-118.5,173,0,0,0.013248005,12.568303
61_-120,Northwest Territories,61.5,-119.5,173,1,0,0.009790399,11.150301
61_-121,Northwest Territories,61.5,-120.5,173,2,8,0.023267653,14.800692
61_-122,Northwest Territories,61.5,-121.5,173,1,7,0.027521793,16.768547
61_-123,Northwest Territories,61.5,-122.5,173,1,9,0.025689015,12.752469
61_-124,Northwest Territories,61.5,-123.5,173,1,5,0.016585901,11.066262
61_-125,Northwest Territories,61.5,-124.5,173,2,0,0.009406032,11.228059
61_-126,Northwest Territories,61.5,-125.5,173,1,1,0.010171444,10.548367
61_-127,Northwest Territories,61.5,-126.5,173,0,0,0.0048152767,8.957419
61_-130,Yukon,61.5,-129.5,173,0,0,0.0050395667,8.35531
61_-133,Yukon,61.5,-132.5,173,0,0,0.0055468283,9.975507
61_-135,Yukon,61.5,-134.5,173,1,0,0.0033222977,11.648304
61_-136,Yukon,61.5,-135.5,173,0,0,0.012362256,12.830825
61_-137,Yukon,61.5,-136.5,173,0,0,0.0033080822,13.111441
61_-138,Yukon,61.5,-137.5,173,0,0,0.0024384363,11.970996
61_-139,Yukon,61.5,-138.5,173,0,0,0.00323719,11.560203
62_-108,Northwest Territories,62.5,-107.5,173,1,0,0.0082543,10.101212
62_-109,Northwest Territories,62.5,-108.5,173,2,0,0.011547799,9.638084
62_-111,Northwest Territories,62.5,-110.5,173,0,0,0.013673354,12.228979
62_-112,Northwest Territories,62.5,-111.5,173,0,0,0.011682094,11.993215
62_-113,Northwest Territories,62.5,-112.5,173,1,0,0.012376869,13.734599
62_-114,Northwest Territories,62.5,-113.5,173,1,4,0.03126973,17.918674
62_-115,Northwest Territories,62.5,-114.5,173,0,27,0.046175886,19.106953
62_-116,Northwest Territories,62.5,-115.5,173,1,4,0.029383318,18.418669
62_-117,Northwest Territories,62.5,-116.5,173,1,10,0.03297296,17.902893
62_-118,Northwest Territories,62.5,-117.5,173,0,0,0.007320016,14.785163
62_-121,Northwest Territories,62.5,-120.5,173,1,0,0.009215709,12.922668
62_-122,Northwest Territories,62.5,-121.5,173,1,0,0.011254627,14.695917
62_-123,Northwest Territories,62.5,-122.5,173,1,8,0.023890449,13.952071
62_-124,Northwest Territories,62.5,-123.5,173,1,8,0.023786332,12.9036665
62_-125,Northwest Territories,62.5,-124.5,173,2,0,0.0050533703,10.354061
62_-131,Yukon,62.5,-130.5,173,0,0,0.006062225,9.586121
62_-132,Yukon,62.5,-131.5,173,1,0,0.0053071734,10.750388
62_-133,Yukon,62.5,-132.5,173,0,0,0.00705348,11.509692
62_-134,Yukon,62.5,-133.5,173,1,0,0.00709729,11.078079
62_-135,Yukon,62.5,-134.5,173,2,0,0.005416108,12.053083
62_-136,Yukon,62.5,-135.5,173,0,0,0.009719533,14.0743885
62_-137,Yukon,62.5,-136.5,173,1,2,0.018668719,13.578983
62_-138,Yukon,62.5,-137.5,173,0,0,0.0056969477,10.517869
62_-139,Yukon,62.5,-138.5,173,1,0,0.004926375,10.969644
62_-140,Yukon,62.5,-139.5,173,2,0,0.0028923536,11.831624
62_-141,Yukon,62.5,-140.5,173,1,0,0.0066569867,13.921132
63_-113,Northwest Territories,63.5,-112.5,173,1,0,0.010266835,16.307123
63_-114,Northwest Territories,63.5,-113.5,173,1,0,0.009945137,16.934467
63_-115,Northwest Territories,63.5,-114.5,173,0,1,0.016417233,18.27286
63_-116,Northwest Territories,63.5,-115.5,173,1,3,0.024525229,16.48091
63_-117,Northwest Territories,63.5,-116.5,173,1,1,0.019908825,14.902273
63_-118,Northwest Territories,63.5,-117.5,173,0,0,0.0138783045,14.929729
63_-119,Northwest Territories,63.5,-118.5,173,1,0,0.009423846,14.084562
63_-122,Northwest Territories,63.5,-121.5,173,1,0,0.010038157,12.160493
63_-123,Northwest Territories,63.5,-122.5,173,3,1,0.01318808,9.999154
63_-124,Northwest Territories,63.5,-123.5,173,1,3,0.01905012,10.188911
63_-126,Northwest Territories,63.5,-125.5,173,2,0,0.005871187,9.096547
63_-132,Yukon,63.5,-131.5,173,0,0,0.005139534,10.750388
63_-134,Yukon,63.5,-133.5,173,0,0,0.004247379,9.419759
63_-135,Yukon,63.5,-134.5,173,1,0,0.0063860556,9.731325
63_-136,Yukon,63.5,-135.5,173,0,1,0.013953737,8.738506
63_-137,Yukon,63.5,-136.5,173,1,1,0.010729193,8.853973
63_-138,Yukon,63.5,-137.5,173,0,0,0.0069303988,9.106022
63_-139,Yukon,63.5,-138.5,173,1,2,0.008388492,8.759888
63_-140,Yukon,63.5,-139.5,173,2,6,0.0149311265,9.254919
63_-141,Yukon,63.5,-140.5,173,2,2,0.013146092,11.5579
64_-114,Northwest Territories,64.5,-113.5,173,1,0,0.009520082,13.584255
64_-115,Northwest Territories,64.5,-114.5,173,0,0,0.009900338,15.293424
64_-116,Northwest Territories,64.5,-115.5,173,1,0,0.008702663,14.397599
64_-117,Northwest Territories,64.5,-116.5,173,2,0,0.0083864555,13.8272085
64_-118,Northwest Territories,64.5,-117.5,173,2,0,0.012364137,13.616162
64_-119,Northwest Territories,64.5,-118.5,173,1,0,0.008348159,13.631373
64_-120,Northwest Territories,64.5,-119.5,173,1,0,0.0076313713,13.818306
64_-121,Northwest Territories,64.5,-120.5,173,2,0,0.0066160853,11.016295
64_-122,Northwest Territories,64.5,-121.5,173,2,0,0.0068442896,9.000896
64_-123,Northwest Territories,64.5,-122.5,173,1,0,0.0073966766,8.69348
64_-124,Northwest Territories,64.5,-123.5,173,1,0,0.0072796512,7.797779
64_-125,Northwest Territories,64.5,-124.5,173,1,0,0.007818193,7.180113
64_-126,Northwest Territories,64.5,-125.5,173,1,4,0.019067762,7.2803473
64_-127,Northwest Territories,64.5,-126.5,173,2,0,0.0081370715,7.5685277
64_-135,Yukon,64.5,-134.5,173,0,0,0.0047428417,8.530282
64_-138,Yukon,64.5,-137.5,173,0,0,0.003982669,8.168015
64_-139,Yukon,64.5,-138.5,173,1,0,0.004674856,8.007491
64_-140,Yukon,64.5,-139.5,173,1,3,0.011165846,7.8382974
64_-141,Yukon,64.5,-140.5,173,1,0,0.005971901,9.235957
65_-117,Northwest Territories,65.5,-116.5,173,3,0,0.008032993,13.896979
65_-118,Northwest Territories,65.5,-117.5,173,2,0,0.00498828,13.282065
65_-119,Northwest Territories,65.5,-118.5,173,2,0,0.0069847032,13.283696
65_-124,Northwest Territories,65.5,-123.5,173,1,0,0.007343408,9.48124
65_-125,Northwest Territories,65.5,-124.5,173,1,0,0.008160206,8.407686
65_-126,Northwest Territories,65.5,-125.5,173,2,0,0.00492407,7.6163416
65_-127,Northwest Territories,65.5,-126.5,173,1,4,0.01541101,7.824289
65_-128,Northwest Territories,65.5,-127.5,173,1,5,0.01500735,7.9313107
65_-129,Northwest Territories,65.5,-128.5,173,2,0,0.008145622,8.297638
65_-130,Northwest Territories,65.5,-129.5,173,0,0,0.00611708,8.574604
65_-131,Northwest Territories,65.5,-130.5,173,0,0,0.0040401258,8.303457
65_-132,Northwest Territories,65.5,-131.5,173,1,0,0.005818953,7.689268
65_-134,Yukon,65.5,-133.5,173,1,0,0.0035321598,
65_-135,Yukon,65.5,-134.5,173,3,0,0.0022882174,4.217069
65_-136,Yukon,65.5,-135.5,173,1,0,0.0025036333,4.186013
65_-137,Yukon,65.5,-136.5,173,1,0,0.0026419724,4.0112247
65_-138,Yukon,65.5,-137.5,173,0,0,0.0025170646,6.5562024
65_-139,Yukon,65.5,-138.5,173,1,0,0.0024844788,6.799084
65_-141,Yukon,65.5,-140.5,173,0,0,0.003935226,7.8382974
66_-128,Northwest Territories,66.5,-127.5,173,1,0,0.005851035,7.8722444
66_-129,Northwest Territories,66.5,-128.5,173,2,0,0.008153787,8.433697
66_-131,Northwest Territories,66.5,-130.5,173,2,0,0.00475647,7.277458
66_-133,Northwest Territories,66.5,-132.5,173,0,0,0.0027620536,5.55055
66_-134,Northwest Territories,66.5,-133.5,173,1,0,0.0031296208,4.9896545
66_-135,Yukon,66.5,-134.5,173,0,1,0.003766661,4.2731385
66_-136,Yukon,66.5,-135.5,173,1,0,0.0016989077,4.1218166
66_-137,Yukon,66.5,-136.5,173,2,0,0.0028093916,4.2804046
66_-141,Yukon,66.5,-140.5,173,1,0,0.0029915764,7.031105
67_-133,Northwest Territories,67.5,-132.5,173,0,0,0.004383532,4.3606567
67_-135,Northwest Territories,67.5,-134.5,173,1,1,0.0060016215,4.371519
67_-136,Northwest Territories,67.5,-135.5,173,0,1,0.00477045,4.254461
67_-138,Yukon,67.5,-137.5,173,0,0,0.0022448907,5.016242
67_-139,Yukon,67.5,-138.5,173,0,0,0.0029077234,6.3211765
67_-140,Yukon,67.5,-139.5,173,1,0,0.0042699575,7.9767776
68_-133,Northwest Territories,68.5,-132.5,173,0,0,0.0023989172,4.1976
68_-134,Northwest Territories,68.5,-133.5,173,0,0,0.0059595197,4.1115956
