lat,lon,date,detected_at,sensor,fwi,hfi,estarea
53.2454,-109.962,2026-09-22,02:56 UTC,MODIS,20.7,1140,1.79532
53.242,-109.98,2026-09-22,02:56 UTC,MODIS,20.75,323,8.06098
61.404,-122.917,2026-09-22,03:00 UTC,MODIS,8.45,3007,3.88415
61.395,-122.952,2026-09-22,03:00 UTC,MODIS,8.73,2786,3.88415
61.413,-122.883,2026-09-22,03:00 UTC,MODIS,8.17,3191,3.88415
49.6834,-121.24,2026-09-22,04:32 UTC,MODIS,13.78,2419,1.51829
49.6824,-121.217,2026-09-22,04:32 UTC,MODIS,10.79,397,1.32622
49.1026,-120.964,2026-09-22,04:32 UTC,MODIS,11.77,446,2.4939
49.0918,-120.962,2026-09-22,04:32 UTC,MODIS,12.52,672,2.4939
49.1012,-120.983,2026-09-22,04:32 UTC,MODIS,14.55,1796,1.69268
49.6742,-121.217,2026-09-22,04:32 UTC,MODIS,13.78,2415,1.42226
49.093,-121.084,2026-09-22,04:32 UTC,MODIS,11.32,1207,3.82927
48.4855,-123.768,2026-09-22,04:32 UTC,MODIS,4.31,6,0.621951
61.4146,-122.899,2026-09-22,04:36 UTC,MODIS,8.17,3250,3.88415
61.4166,-122.865,2026-09-22,04:36 UTC,MODIS,8.17,3180,3.88415
61.4009,-122.929,2026-09-22,04:36 UTC,MODIS,8.45,2895,3.88415
61.4029,-122.896,2026-09-22,04:36 UTC,MODIS,8.57,3547,3.88415
61.3873,-122.959,2026-09-22,04:36 UTC,MODIS,9.1,3433,3.88415
61.3892,-122.926,2026-09-22,04:36 UTC,MODIS,8.95,3235,3.88415
61.5636,-121.379,2026-09-22,08:46 UTC,VIIRS-I,14.67,8578,3.88415
61.5638,-121.386,2026-09-22,08:46 UTC,VIIRS-I,14.95,8059,3.88415
51.0943,-118.326,2026-09-22,08:50 UTC,VIIRS-I,7.95,365,1.04146
61.4058,-122.907,2026-09-22,09:32 UTC,VIIRS-I,8.45,2953,3.88415
61.4056,-122.901,2026-09-22,09:32 UTC,VIIRS-I,8.45,2960,3.88415
61.4055,-122.894,2026-09-22,09:32 UTC,VIIRS-I,8.45,2979,3.88415
61.3962,-122.935,2026-09-22,09:32 UTC,VIIRS-I,8.73,2682,3.88415
61.3957,-122.915,2026-09-22,09:32 UTC,VIIRS-I,8.57,3499,3.88415
61.4086,-122.903,2026-09-22,09:32 UTC,VIIRS-I,8.45,2862,3.88415
61.4038,-122.917,2026-09-22,09:32 UTC,VIIRS-I,8.45,3007,3.88415
61.4011,-122.928,2026-09-22,09:32 UTC,VIIRS-I,8.45,2895,3.88415
61.4005,-122.901,2026-09-22,09:32 UTC,VIIRS-I,8.57,3424,3.88415
61.396,-122.928,2026-09-22,09:32 UTC,VIIRS-I,8.95,3379,3.88415
61.3959,-122.922,2026-09-22,09:32 UTC,VIIRS-I,8.57,3503,3.88415
61.4007,-122.908,2026-09-22,09:32 UTC,VIIRS-I,8.57,3492,3.88415
61.38,-122.985,2026-09-22,09:32 UTC,VIIRS-I,9.1,3299,3.88415
61.5607,-121.379,2026-09-22,09:32 UTC,VIIRS-I,14.67,9377,3.88415
61.7169,-121.877,2026-09-22,09:32 UTC,VIIRS-I,15.04,9993,3.88415
61.7787,-122.595,2026-09-22,09:32 UTC,VIIRS-I,10.92,5578,3.88415
61.389,-122.939,2026-09-22,09:32 UTC,VIIRS-I,8.95,3328,3.88415
61.3888,-122.932,2026-09-22,09:32 UTC,VIIRS-I,8.95,3327,3.88415
61.7165,-121.865,2026-09-22,09:32 UTC,VIIRS-I,15.04,5131,3.88415
61.3887,-122.925,2026-09-22,09:32 UTC,VIIRS-I,8.95,3235,3.88415
61.3945,-122.951,2026-09-22,09:32 UTC,VIIRS-I,8.73,2732,3.88415
61.3963,-122.942,2026-09-22,09:32 UTC,VIIRS-I,8.73,2767,3.88415
61.3895,-122.958,2026-09-22,09:32 UTC,VIIRS-I,8.95,3258,3.88415
61.4151,-122.868,2026-09-22,09:32 UTC,VIIRS-I,8.17,3177,3.88415
61.4149,-122.862,2026-09-22,09:32 UTC,VIIRS-I,8.17,3180,3.88415
61.4148,-122.856,2026-09-22,09:32 UTC,VIIRS-I,8.25,3238,3.88415
61.4104,-122.888,2026-09-22,09:32 UTC,VIIRS-I,8.17,3092,3.88415
61.5656,-121.378,2026-09-22,09:32 UTC,VIIRS-I,14.67,8578,3.88415
61.4106,-122.894,2026-09-22,09:32 UTC,VIIRS-I,8.17,3170,3.88415
61.4053,-122.888,2026-09-22,09:32 UTC,VIIRS-I,8.06,3000,3.88415
61.401,-122.921,2026-09-22,09:32 UTC,VIIRS-I,8.45,2939,3.88415
61.4008,-122.915,2026-09-22,09:32 UTC,VIIRS-I,8.45,2956,3.88415
61.3894,-122.952,2026-09-22,09:32 UTC,VIIRS-I,8.95,3454,3.88415
61.3892,-122.945,2026-09-22,09:32 UTC,VIIRS-I,8.95,3292,3.88415
61.4103,-122.881,2026-09-22,09:32 UTC,VIIRS-I,8.17,3117,3.88415
61.4101,-122.875,2026-09-22,09:32 UTC,VIIRS-I,8.17,3073,3.88415
61.5603,-121.368,2026-09-22,09:32 UTC,VIIRS-I,14.67,9135,3.88415
61.557,-121.414,2026-09-22,09:32 UTC,VIIRS-I,14.95,1310,3.88415
61.7424,-121.896,2026-09-22,09:32 UTC,VIIRS-I,14.74,4608,3.88415
61.4152,-122.874,2026-09-22,09:32 UTC,VIIRS-I,8.17,3100,3.88415
61.3846,-122.965,2026-09-22,09:32 UTC,VIIRS-I,9.1,3546,3.88415
61.3844,-122.959,2026-09-22,09:32 UTC,VIIRS-I,9.1,3494,3.88415
61.3842,-122.952,2026-09-22,09:32 UTC,VIIRS-I,8.95,3415,3.88415
61.5627,-121.374,2026-09-22,09:32 UTC,VIIRS-I,14.67,9348,3.88415
61.5592,-121.409,2026-09-22,09:32 UTC,VIIRS-I,14.95,10401,3.88415
61.5566,-121.402,2026-09-22,09:32 UTC,VIIRS-I,14.95,9508,3.88415
48.4938,-123.771,2026-09-22,09:34 UTC,VIIRS-I,4.31,6,0.621951
48.4842,-123.767,2026-09-22,09:34 UTC,VIIRS-I,6.7,280,0.621951
49.8612,-121.545,2026-09-22,09:34 UTC,VIIRS-I,6.63,614,1.04146
49.8562,-121.537,2026-09-22,09:34 UTC,VIIRS-I,8.27,92,1.32622
49.8627,-121.443,2026-09-22,09:34 UTC,VIIRS-I,16.6,1326,2.28659
49.4395,-118.067,2026-09-22,09:34 UTC,VIIRS-I,16.3,872,2.4939
49.4493,-118.089,2026-09-22,09:34 UTC,VIIRS-I,18.43,0,0.0
49.4485,-118.081,2026-09-22,09:34 UTC,VIIRS-I,18.43,0,0.0
49.4448,-118.082,2026-09-22,09:34 UTC,VIIRS-I,18.43,0,0.0
49.4403,-118.076,2026-09-22,09:34 UTC,VIIRS-I,18.43,0,0.0
48.4894,-123.774,2026-09-22,09:34 UTC,VIIRS-I,4.31,7,0.621951
48.4838,-123.76,2026-09-22,09:34 UTC,VIIRS-I,6.7,280,0.621951
48.4881,-123.752,2026-09-22,09:34 UTC,VIIRS-I,6.9,29,0.621951
48.4885,-123.758,2026-09-22,09:34 UTC,VIIRS-I,4.31,7,0.621951
48.489,-123.766,2026-09-22,09:34 UTC,VIIRS-I,4.31,7,0.621951
51.5555,-116.154,2026-09-22,09:34 UTC,VIIRS-I,5.46,1255,1.57378
50.1067,-121.821,2026-09-22,09:34 UTC,VIIRS-I,7.38,860,2.4939
50.1229,-121.861,2026-09-22,09:34 UTC,VIIRS-I,7.85,1112,1.69268
50.1021,-121.819,2026-09-22,09:34 UTC,VIIRS-I,7.38,858,3.82927
49.0895,-121.081,2026-09-22,09:35 UTC,VIIRS-I,11.32,1124,2.04878
49.8535,-121.537,2026-09-22,10:30 UTC,VIIRS-I,8.27,95,1.51829
49.8569,-121.536,2026-09-22,10:30 UTC,VIIRS-I,8.27,92,1.36463
50.1036,-121.822,2026-09-22,10:30 UTC,VIIRS-I,7.38,867,2.4939
50.1246,-121.859,2026-09-22,10:30 UTC,VIIRS-I,7.85,1187,1.82622
49.431,-118.063,2026-09-22,10:30 UTC,VIIRS-I,16.3,872,2.4939
49.4271,-118.064,2026-09-22,10:30 UTC,VIIRS-I,16.3,862,2.4939
49.4257,-118.057,2026-09-22,10:30 UTC,VIIRS-I,16.3,859,2.4939
49.423,-118.057,2026-09-22,10:30 UTC,VIIRS-I,16.3,911,2.4939
49.4415,-118.074,2026-09-22,10:30 UTC,VIIRS-I,13.48,938,3.82927
49.4402,-118.068,2026-09-22,10:30 UTC,VIIRS-I,13.48,954,3.82927
50.1288,-121.863,2026-09-22,10:30 UTC,VIIRS-I,7.85,1099,3.82927
49.4454,-118.073,2026-09-22,10:30 UTC,VIIRS-I,13.48,981,3.82927
49.444,-118.067,2026-09-22,10:30 UTC,VIIRS-I,13.48,959,3.82927
49.4324,-118.069,2026-09-22,10:30 UTC,VIIRS-I,18.58,0,0.0
49.8649,-121.444,2026-09-22,10:30 UTC,VIIRS-I,16.6,1326,2.28659
49.8616,-121.445,2026-09-22,10:30 UTC,VIIRS-I,16.6,1326,2.28659
49.453,-118.089,2026-09-22,10:30 UTC,VIIRS-I,18.43,0,0.0
49.4466,-118.078,2026-09-22,10:30 UTC,VIIRS-I,18.43,0,0.0
49.4442,-118.086,2026-09-22,10:30 UTC,VIIRS-I,18.43,0,0.0
49.4428,-118.079,2026-09-22,10:30 UTC,VIIRS-I,18.43,0,0.0
49.4387,-118.061,2026-09-22,10:30 UTC,VIIRS-I,16.3,872,2.4939
49.4363,-118.068,2026-09-22,10:30 UTC,VIIRS-I,16.3,872,2.4939
49.4349,-118.062,2026-09-22,10:30 UTC,VIIRS-I,16.3,902,2.4939
49.4376,-118.074,2026-09-22,10:30 UTC,VIIRS-I,18.58,0,0.0
51.1008,-118.305,2026-09-22,10:30 UTC,VIIRS-I,0.79,186,1.04146
51.097,-118.306,2026-09-22,10:30 UTC,VIIRS-I,7.95,391,1.04146
50.7011,-118.364,2026-09-22,10:30 UTC,VIIRS-I,5.27,1571,1.04146
49.4504,-118.077,2026-09-22,10:30 UTC,VIIRS-I,13.48,1119,3.82927
49.4517,-118.083,2026-09-22,10:30 UTC,VIIRS-I,18.43,0,0.0
49.4479,-118.084,2026-09-22,10:30 UTC,VIIRS-I,18.43,0,0.0
50.1207,-121.818,2026-09-22,10:30 UTC,VIIRS-I,15.02,13179,2.4939
50.1239,-121.816,2026-09-22,10:30 UTC,VIIRS-I,15.02,11501,3.82927
50.1216,-121.823,2026-09-22,10:30 UTC,VIIRS-I,15.02,10611,3.82927
48.4957,-123.766,2026-09-22,10:31 UTC,VIIRS-I,4.31,6,0.621951
48.4934,-123.772,2026-09-22,10:31 UTC,VIIRS-I,4.31,6,0.621951
48.4841,-123.759,2026-09-22,10:31 UTC,VIIRS-I,6.7,280,0.621951
48.4925,-123.767,2026-09-22,10:31 UTC,VIIRS-I,4.31,6,0.621951
48.4892,-123.768,2026-09-22,10:31 UTC,VIIRS-I,4.31,6,0.621951
48.4901,-123.773,2026-09-22,10:31 UTC,VIIRS-I,4.31,6,0.621951
49.6748,-121.218,2026-09-22,10:31 UTC,VIIRS-I,13.78,2017,1.42226
49.087,-121.079,2026-09-22,10:31 UTC,VIIRS-I,11.32,1188,1.69268
49.0915,-121.083,2026-09-22,10:31 UTC,VIIRS-I,11.32,1124,2.04878
49.0806,-120.989,2026-09-22,10:31 UTC,VIIRS-I,15.22,1694,2.04878
49.0946,-120.966,2026-09-22,10:31 UTC,VIIRS-I,12.52,687,2.4939
49.0956,-120.972,2026-09-22,10:31 UTC,VIIRS-I,11.77,459,2.04878
49.1125,-120.983,2026-09-22,10:31 UTC,VIIRS-I,10.58,354,3.82927
49.1114,-120.977,2026-09-22,10:31 UTC,VIIRS-I,11.77,455,3.82927
49.0796,-120.984,2026-09-22,10:31 UTC,VIIRS-I,15.22,1680,3.82927
49.1091,-120.984,2026-09-22,10:31 UTC,VIIRS-I,11.77,494,3.82927
49.108,-120.979,2026-09-22,10:31 UTC,VIIRS-I,11.77,458,2.4939
48.4865,-123.753,2026-09-22,10:31 UTC,VIIRS-I,6.9,29,0.621951
48.4859,-123.769,2026-09-22,10:31 UTC,VIIRS-I,4.31,6,0.621951
48.485,-123.764,2026-09-22,10:31 UTC,VIIRS-I,6.7,280,0.621951
49.0966,-120.977,2026-09-22,10:31 UTC,VIIRS-I,11.77,489,1.69268
49.0315,-124.543,2026-09-22,10:31 UTC,VIIRS-I,3.87,14,0.621951
49.0307,-124.538,2026-09-22,10:31 UTC,VIIRS-I,3.87,14,0.621951
49.0881,-121.084,2026-09-22,10:31 UTC,VIIRS-I,11.32,1182,2.04878
49.1014,-120.964,2026-09-22,10:31 UTC,VIIRS-I,11.77,446,2.4939
49.098,-120.965,2026-09-22,10:31 UTC,VIIRS-I,11.77,453,2.4939
49.0912,-120.968,2026-09-22,10:31 UTC,VIIRS-I,12.52,687,2.4939
49.0816,-120.994,2026-09-22,10:31 UTC,VIIRS-I,15.22,1638,2.04878
49.0887,-120.974,2026-09-22,10:31 UTC,VIIRS-I,15.22,1656,1.82622
49.0897,-120.979,2026-09-22,10:31 UTC,VIIRS-I,15.22,1759,1.82622
48.4916,-123.762,2026-09-22,10:31 UTC,VIIRS-I,4.31,6,0.621951
48.4907,-123.757,2026-09-22,10:31 UTC,VIIRS-I,7.39,35,0.621951
48.4883,-123.763,2026-09-22,10:31 UTC,VIIRS-I,4.31,7,0.621951
48.4874,-123.758,2026-09-22,10:31 UTC,VIIRS-I,6.7,279,0.621951
49.6924,-121.254,2026-09-22,10:31 UTC,VIIRS-I,11.1,426,2.28659
49.7056,-121.266,2026-09-22,10:31 UTC,VIIRS-I,12.93,807,1.71037
49.6782,-121.217,2026-09-22,10:31 UTC,VIIRS-I,13.78,2255,1.32622
49.4371,-118.066,2026-09-22,11:14 UTC,VIIRS-I,16.3,872,2.4939
49.4386,-118.06,2026-09-22,11:14 UTC,VIIRS-I,16.3,902,2.4939
49.4477,-118.086,2026-09-22,11:14 UTC,VIIRS-I,18.43,0,0.0
49.446,-118.082,2026-09-22,11:14 UTC,VIIRS-I,18.43,0,0.0
49.4444,-118.077,2026-09-22,11:14 UTC,VIIRS-I,18.43,0,0.0
49.4426,-118.082,2026-09-22,11:14 UTC,VIIRS-I,18.43,0,0.0
49.4445,-118.087,2026-09-22,11:14 UTC,VIIRS-I,18.43,0,0.0
49.4407,-118.076,2026-09-22,11:14 UTC,VIIRS-I,18.43,0,0.0
49.4508,-118.084,2026-09-22,11:14 UTC,VIIRS-I,18.43,0,0.0
51.0942,-118.305,2026-09-22,11:14 UTC,VIIRS-I,7.95,380,1.04146
48.4899,-123.772,2026-09-22,11:15 UTC,VIIRS-I,4.31,6,0.621951
48.4913,-123.776,2026-09-22,11:15 UTC,VIIRS-I,4.31,6,0.621951
48.4885,-123.767,2026-09-22,11:15 UTC,VIIRS-I,4.31,6,0.621951
49.082,-120.993,2026-09-22,11:15 UTC,VIIRS-I,15.22,1638,2.04878
49.0923,-120.965,2026-09-22,11:15 UTC,VIIRS-I,12.52,684,2.4939
49.0936,-120.969,2026-09-22,11:15 UTC,VIIRS-I,12.52,687,2.04878
49.1092,-120.977,2026-09-22,11:15 UTC,VIIRS-I,11.77,458,2.4939
49.0279,-124.539,2026-09-22,11:15 UTC,VIIRS-I,3.87,14,0.621951
48.4835,-123.77,2026-09-22,11:15 UTC,VIIRS-I,6.7,280,0.621951
49.1111,-120.983,2026-09-22,11:15 UTC,VIIRS-I,11.77,450,3.82927
49.8592,-121.444,2026-09-22,11:15 UTC,VIIRS-I,16.6,1326,2.28659
49.8659,-121.445,2026-09-22,11:15 UTC,VIIRS-I,16.07,0,0.0
48.4838,-123.751,2026-09-22,11:15 UTC,VIIRS-I,6.9,29,0.621951
48.4856,-123.757,2026-09-22,11:15 UTC,VIIRS-I,6.7,279,0.621951
48.4871,-123.762,2026-09-22,11:15 UTC,VIIRS-I,4.31,7,0.621951
49.8537,-121.543,2026-09-21,03:53 UTC,MODIS,9.83,201,0.465244
49.8563,-121.528,2026-09-21,03:53 UTC,MODIS,9.83,205,0.353049
49.1042,-120.978,2026-09-21,03:53 UTC,MODIS,13.79,811,2.04878
49.0866,-121.083,2026-09-21,03:53 UTC,MODIS,13.24,2096,2.4939
49.0951,-120.974,2026-09-21,03:53 UTC,MODIS,13.79,853,2.4939
49.0977,-120.959,2026-09-21,03:53 UTC,MODIS,14.66,1235,3.82927
49.44,-118.058,2026-09-21,03:53 UTC,MODIS,15.65,1000,3.82927
49.4313,-118.055,2026-09-21,03:53 UTC,MODIS,15.65,848,3.82927
49.9188,-121.541,2026-09-21,03:53 UTC,MODIS,5.93,174,0.557317
49.8631,-121.545,2026-09-21,03:53 UTC,MODIS,8.1,877,1.04146
57.0014,-122.637,2026-09-21,09:05 UTC,VIIRS-I,16.41,2250,5.85795
49.9176,-121.544,2026-09-21,09:07 UTC,VIIRS-I,5.73,171,0.519318
49.696,-121.31,2026-09-21,09:07 UTC,VIIRS-I,12.95,171,1.59375
49.9148,-121.545,2026-09-21,09:07 UTC,VIIRS-I,5.73,527,0.519318
49.8612,-121.548,2026-09-21,09:07 UTC,VIIRS-I,7.86,892,0.970455
49.8612,-121.543,2026-09-21,09:07 UTC,VIIRS-I,7.86,885,0.970455
49.696,-121.303,2026-09-21,09:07 UTC,VIIRS-I,12.95,171,1.59375
50.7033,-118.368,2026-09-21,09:07 UTC,VIIRS-I,4.12,1246,0.970455
61.5291,-121.474,2026-09-21,09:07 UTC,VIIRS-I,15.65,5417,3.61932
49.0942,-120.984,2026-09-21,09:09 UTC,VIIRS-I,17.19,3444,1.90909
49.094,-120.967,2026-09-21,09:09 UTC,VIIRS-I,15.11,1380,3.56818
49.0575,-120.999,2026-09-21,09:09 UTC,VIIRS-I,16.87,1173,1.43507
49.0893,-121.098,2026-09-21,09:09 UTC,VIIRS-I,19.26,3346,3.56818
61.5275,-121.472,2026-09-21,09:49 UTC,VIIRS-I,15.65,6434,3.61932
61.5394,-121.461,2026-09-21,09:49 UTC,VIIRS-I,14.7,0,3.61932
57.0014,-122.636,2026-09-21,09:52 UTC,VIIRS-I,16.41,2228,5.85795
49.8552,-121.537,2026-09-21,09:54 UTC,VIIRS-I,9.56,186,0.360227
49.1185,-124.649,2026-09-21,09:54 UTC,VIIRS-I,4.3,78,0.579545
49.119,-124.655,2026-09-21,09:54 UTC,VIIRS-I,6.1,227,0.579545
48.4856,-123.773,2026-09-21,09:54 UTC,VIIRS-I,3.8,4,0.579545
49.916,-121.543,2026-09-21,09:54 UTC,VIIRS-I,5.73,527,0.519318
49.4401,-118.073,2026-09-21,09:54 UTC,VIIRS-I,13.02,907,0.970455
48.4894,-123.772,2026-09-21,09:54 UTC,VIIRS-I,3.8,4,0.579545
49.6915,-121.25,2026-09-21,09:54 UTC,VIIRS-I,12.36,634,1.41477
49.6946,-121.307,2026-09-21,09:54 UTC,VIIRS-I,12.95,171,1.59375
49.6725,-121.211,2026-09-21,09:54 UTC,VIIRS-I,14.25,2527,1.59375
49.6842,-121.312,2026-09-21,09:54 UTC,VIIRS-I,17.88,783,1.41477
49.6939,-121.301,2026-09-21,09:54 UTC,VIIRS-I,12.95,168,1.59375
49.6974,-121.3,2026-09-21,09:54 UTC,VIIRS-I,12.95,168,2.13068
49.0538,-120.995,2026-09-21,09:54 UTC,VIIRS-I,16.87,1158,1.90909
49.428,-118.061,2026-09-21,09:54 UTC,VIIRS-I,15.73,874,3.56818
49.4385,-118.062,2026-09-21,09:54 UTC,VIIRS-I,15.73,873,3.56818
49.4393,-118.068,2026-09-21,09:54 UTC,VIIRS-I,15.73,873,3.56818
49.4287,-118.066,2026-09-21,09:54 UTC,VIIRS-I,15.73,863,3.56818
49.0877,-120.972,2026-09-21,09:54 UTC,VIIRS-I,17.97,3061,2.32386
49.0896,-121.078,2026-09-21,09:54 UTC,VIIRS-I,13.51,2247,2.32386
49.0904,-121.084,2026-09-21,09:54 UTC,VIIRS-I,13.51,2128,2.32386
49.0931,-120.957,2026-09-21,09:54 UTC,VIIRS-I,15.11,1365,3.56818
49.0904,-120.964,2026-09-21,09:54 UTC,VIIRS-I,15.11,1393,3.56818
49.424,-118.053,2026-09-21,09:54 UTC,VIIRS-I,15.73,915,3.56818
49.4248,-118.059,2026-09-21,09:54 UTC,VIIRS-I,15.73,860,3.56818
49.4312,-118.059,2026-09-21,09:54 UTC,VIIRS-I,15.73,864,3.56818
49.432,-118.065,2026-09-21,09:54 UTC,VIIRS-I,15.73,873,3.56818
49.6881,-121.252,2026-09-21,09:54 UTC,VIIRS-I,12.36,631,1.41477
49.4328,-118.07,2026-09-21,09:54 UTC,VIIRS-I,17.79,0,0.0
49.4368,-118.074,2026-09-21,09:54 UTC,VIIRS-I,17.79,0,0.0
49.8544,-121.531,2026-09-21,09:54 UTC,VIIRS-I,9.56,183,0.346023
49.851,-121.533,2026-09-21,09:54 UTC,VIIRS-I,9.56,183,0.433523
49.0954,-120.976,2026-09-21,09:54 UTC,VIIRS-I,14.21,948,1.90909
49.4425,-118.066,2026-09-21,09:54 UTC,VIIRS-I,13.02,925,0.970455
49.8593,-121.541,2026-09-21,09:54 UTC,VIIRS-I,7.86,885,0.433523
49.6911,-121.309,2026-09-21,09:54 UTC,VIIRS-I,12.95,171,1.41477
49.6876,-121.31,2026-09-21,09:54 UTC,VIIRS-I,12.95,171,1.41477
49.6904,-121.303,2026-09-21,09:54 UTC,VIIRS-I,12.95,171,2.13068
49.092,-120.978,2026-09-21,09:54 UTC,VIIRS-I,17.97,3244,1.90909
49.0912,-120.971,2026-09-21,09:54 UTC,VIIRS-I,15.11,1445,2.32386
49.0901,-120.992,2026-09-21,09:54 UTC,VIIRS-I,17.19,3251,2.32386
49.0886,-120.979,2026-09-21,09:54 UTC,VIIRS-I,17.97,3244,1.90909
49.4352,-118.063,2026-09-21,09:54 UTC,VIIRS-I,15.73,873,3.56818
49.436,-118.069,2026-09-21,09:54 UTC,VIIRS-I,15.73,873,3.56818
49.0938,-120.963,2026-09-21,09:54 UTC,VIIRS-I,15.11,1375,3.56818
49.0989,-120.975,2026-09-21,09:54 UTC,VIIRS-I,14.21,950,1.90909
49.11,-120.978,2026-09-21,09:54 UTC,VIIRS-I,14.21,891,3.56818
49.1065,-120.979,2026-09-21,09:54 UTC,VIIRS-I,14.21,901,3.56818
49.1023,-120.974,2026-09-21,09:54 UTC,VIIRS-I,14.21,890,3.56818
49.0862,-121.08,2026-09-21,09:54 UTC,VIIRS-I,13.51,2247,1.7017
49.0831,-120.994,2026-09-21,09:54 UTC,VIIRS-I,17.97,3027,3.56818
49.0796,-120.995,2026-09-21,09:54 UTC,VIIRS-I,17.97,3027,3.56818
50.7024,-118.365,2026-09-21,09:54 UTC,VIIRS-I,4.12,1246,0.970455
50.15,-121.184,2026-09-21,09:54 UTC,VIIRS-I,17.02,1460,1.57727
50.1218,-121.817,2026-09-21,09:54 UTC,VIIRS-I,17.2,18196,3.56818
50.1535,-121.184,2026-09-21,09:54 UTC,VIIRS-I,17.02,1441,3.56818
61.569,-121.491,2026-09-21,10:45 UTC,VIIRS-I,14.58,9717,3.61932
61.5702,-121.498,2026-09-21,10:45 UTC,VIIRS-I,14.58,8393,3.61932
61.5592,-121.413,2026-09-21,10:45 UTC,VIIRS-I,14.54,1527,3.61932
61.5864,-121.51,2026-09-21,10:45 UTC,VIIRS-I,14.53,9384,3.61932
61.5564,-121.501,2026-09-21,10:45 UTC,VIIRS-I,14.64,7431,3.61932
61.5647,-121.487,2026-09-21,10:45 UTC,VIIRS-I,14.64,6630,3.61932
61.3975,-121.772,2026-09-21,10:45 UTC,VIIRS-I,14.03,9646,3.61932
61.5292,-121.466,2026-09-21,10:45 UTC,VIIRS-I,15.65,6434,3.61932
61.3963,-121.766,2026-09-21,10:45 UTC,VIIRS-I,14.03,9287,3.61932
57.0036,-122.633,2026-09-21,10:47 UTC,VIIRS-I,16.41,2228,5.85795
49.8538,-121.534,2026-09-21,10:49 UTC,VIIRS-I,9.56,183,0.384659
48.4867,-123.773,2026-09-21,10:49 UTC,VIIRS-I,3.8,4,0.579545
48.4904,-123.772,2026-09-21,10:49 UTC,VIIRS-I,3.8,4,0.579545
49.1187,-124.651,2026-09-21,10:49 UTC,VIIRS-I,2.21,18,0.579545
49.1199,-124.657,2026-09-21,10:49 UTC,VIIRS-I,6.1,227,0.579545
49.4404,-118.073,2026-09-21,10:49 UTC,VIIRS-I,13.02,907,0.970455
49.4419,-118.06,2026-09-21,10:49 UTC,VIIRS-I,13.02,1056,0.970455
49.4438,-118.067,2026-09-21,10:49 UTC,VIIRS-I,13.02,925,0.970455
49.6734,-121.211,2026-09-21,10:49 UTC,VIIRS-I,14.25,3040,1.32528
49.6943,-121.3,2026-09-21,10:49 UTC,VIIRS-I,12.95,168,1.59375
49.6956,-121.305,2026-09-21,10:49 UTC,VIIRS-I,12.95,171,1.59375
49.0873,-121.083,2026-09-21,10:49 UTC,VIIRS-I,13.51,2247,2.32386
49.0915,-121.082,2026-09-21,10:49 UTC,VIIRS-I,13.51,2128,2.32386
49.0817,-120.985,2026-09-21,10:49 UTC,VIIRS-I,17.97,3104,2.32386
49.0828,-120.99,2026-09-21,10:49 UTC,VIIRS-I,17.97,3159,2.32386
49.0915,-120.97,2026-09-21,10:49 UTC,VIIRS-I,15.11,1445,2.32386
49.0925,-120.975,2026-09-21,10:49 UTC,VIIRS-I,15.11,1445,2.32386
49.0936,-120.979,2026-09-21,10:49 UTC,VIIRS-I,17.19,3276,1.7017
49.11,-120.973,2026-09-21,10:49 UTC,VIIRS-I,14.21,872,3.56818
49.434,-118.068,2026-09-21,10:49 UTC,VIIRS-I,15.73,838,3.56818
49.4389,-118.068,2026-09-21,10:49 UTC,VIIRS-I,15.73,873,3.56818
49.0904,-120.966,2026-09-21,10:49 UTC,VIIRS-I,15.11,1393,3.56818
49.0933,-120.959,2026-09-21,10:49 UTC,VIIRS-I,15.11,1365,3.56818
49.0861,-121.078,2026-09-21,10:49 UTC,VIIRS-I,13.51,2260,1.7017
49.0838,-120.994,2026-09-21,10:49 UTC,VIIRS-I,17.97,3030,3.56818
49.4372,-118.061,2026-09-21,10:49 UTC,VIIRS-I,15.73,900,3.56818
49.0946,-120.964,2026-09-21,10:49 UTC,VIIRS-I,15.11,1375,3.56818
49.8551,-121.539,2026-09-21,10:49 UTC,VIIRS-I,9.56,186,0.384659
49.8526,-121.528,2026-09-21,10:49 UTC,VIIRS-I,9.56,172,0.360227
49.0967,-120.974,2026-09-21,10:49 UTC,VIIRS-I,14.21,948,2.32386
49.8607,-121.544,2026-09-21,10:49 UTC,VIIRS-I,7.86,885,0.970455
49.4324,-118.062,2026-09-21,10:49 UTC,VIIRS-I,15.73,873,3.56818
49.0978,-120.978,2026-09-21,10:49 UTC,VIIRS-I,14.21,950,1.7017
49.1019,-120.977,2026-09-21,10:49 UTC,VIIRS-I,14.21,890,1.90909
49.106,-120.975,2026-09-21,10:49 UTC,VIIRS-I,14.21,901,3.56818
49.1072,-120.98,2026-09-21,10:49 UTC,VIIRS-I,14.21,891,3.56818
50.7024,-118.369,2026-09-21,10:49 UTC,VIIRS-I,4.12,1246,0.970455
50.1206,-121.815,2026-09-21,10:49 UTC,VIIRS-I,17.2,18203,3.56818
49.8592,-121.538,2026-09-21,10:49 UTC,VIIRS-I,7.86,915,0.360227
49.8566,-121.527,2026-09-21,10:49 UTC,VIIRS-I,9.56,183,0.336364
61.3963,-121.769,2026-09-21,11:30 UTC,VIIRS-I,14.03,9584,3.61932
61.5589,-121.411,2026-09-21,11:30 UTC,VIIRS-I,14.54,1527,3.61932
61.5688,-121.5,2026-09-21,11:30 UTC,VIIRS-I,14.58,8393,3.61932
57.0041,-122.636,2026-09-21,11:32 UTC,VIIRS-I,16.41,2250,5.85795
57.0004,-122.634,2026-09-21,11:32 UTC,VIIRS-I,16.41,2228,5.85795
49.0881,-121.08,2026-09-21,11:34 UTC,VIIRS-I,13.51,2247,2.32386
49.0816,-120.994,2026-09-21,11:34 UTC,VIIRS-I,17.97,3027,2.32386
49.093,-120.961,2026-09-21,11:34 UTC,VIIRS-I,15.11,1352,3.56818
49.1071,-120.977,2026-09-21,11:34 UTC,VIIRS-I,14.21,901,3.56818
49.1039,-120.974,2026-09-21,11:34 UTC,VIIRS-I,14.21,890,3.56818
50.125,-121.856,2026-09-21,11:34 UTC,VIIRS-I,13.1,1545,2.32386
50.1019,-121.833,2026-09-21,11:34 UTC,VIIRS-I,8.44,1107,3.56818
50.1327,-121.858,2026-09-21,11:42 UTC,MODIS,13.1,1620,3.56818
50.1234,-121.853,2026-09-21,11:42 UTC,MODIS,16.39,936,1.57727
48.4846,-123.761,2026-09-21,17:24 UTC,MODIS,5.85,188,0.579545
48.4863,-123.774,2026-09-21,17:24 UTC,MODIS,3.53,4,0.579545
49.0815,-120.988,2026-09-21,17:24 UTC,MODIS,24.62,9849,2.32386
49.0882,-120.972,2026-09-21,17:24 UTC,MODIS,21.01,4484,2.32386
50.6235,-96.4546,2026-09-21,18:00 UTC,VIIRS-I,0.39,1,7.03409
49.5023,-97.2163,2026-09-21,18:00 UTC,VIIRS-I,7.36,28,1.85134
50.6267,-96.46,2026-09-21,18:00 UTC,VIIRS-I,0.39,0,7.03409
50.6249,-96.4542,2026-09-21,18:56 UTC,VIIRS-I,0.39,1,7.03409
61.555,-121.403,2026-09-21,19:00 UTC,VIIRS-I,25.28,25606,3.61932
62.0279,-120.699,2026-09-21,19:00 UTC,VIIRS-I,20.8,18818,3.61932
62.0247,-120.714,2026-09-21,19:00 UTC,MODIS,21.3,3347,3.61932
50.6239,-96.4566,2026-09-21,19:40 UTC,VIIRS-I,0.39,1,7.03409
48.4925,-123.777,2026-09-21,19:40 UTC,VIIRS-I,3.53,4,0.579545
49.3701,-97.3193,2026-09-21,19:40 UTC,VIIRS-I,8.21,0,1.85134
50.7025,-118.364,2026-09-21,19:42 UTC,VIIRS-I,8.69,3652,0.970455
51.5522,-116.159,2026-09-21,19:42 UTC,VIIRS-I,10.94,4579,1.46648
55.7807,-105.441,2026-09-21,19:42 UTC,VIIRS-I,14.39,4350,4.65341
62.0291,-120.702,2026-09-21,19:45 UTC,VIIRS-I,20.8,17758,3.61932
61.5273,-121.469,2026-09-21,19:45 UTC,VIIRS-I,26.62,2740,3.61932
62.0334,-120.684,2026-09-21,19:45 UTC,VIIRS-I,20.8,18913,3.61932
62.0299,-120.681,2026-09-21,19:45 UTC,VIIRS-I,20.8,19610,3.61932
62.0312,-120.693,2026-09-21,19:45 UTC,VIIRS-I,20.8,19297,3.61932
49.3707,-97.3112,2026-09-21,20:36 UTC,VIIRS-I,8.17,38,1.85134
49.3762,-97.3142,2026-09-21,20:36 UTC,VIIRS-I,8.02,183,1.85134
48.4918,-123.762,2026-09-21,20:36 UTC,VIIRS-I,3.53,4,0.579545
48.4902,-123.769,2026-09-21,20:36 UTC,VIIRS-I,3.53,4,0.579545
49.4406,-118.068,2026-09-21,20:36 UTC,VIIRS-I,18.18,2908,0.970455
49.4415,-118.063,2026-09-21,20:36 UTC,VIIRS-I,18.18,2839,0.970455
48.4863,-123.768,2026-09-21,20:36 UTC,VIIRS-I,3.53,4,0.579545
49.4439,-118.069,2026-09-21,20:36 UTC,VIIRS-I,18.18,2908,0.970455
49.4383,-118.061,2026-09-21,20:36 UTC,VIIRS-I,21.25,2831,3.56818
48.4929,-123.77,2026-09-21,20:36 UTC,VIIRS-I,3.53,4,0.579545
49.1175,-124.652,2026-09-21,20:38 UTC,VIIRS-I,4.52,44,0.579545
49.8599,-121.543,2026-09-21,20:38 UTC,VIIRS-I,9.46,903,0.970455
50.1076,-121.821,2026-09-21,20:38 UTC,VIIRS-I,9.31,1242,3.56818
50.103,-121.825,2026-09-21,20:38 UTC,VIIRS-I,9.31,1252,3.56818
51.5504,-116.157,2026-09-21,20:38 UTC,VIIRS-I,10.94,4615,1.46648
50.7016,-118.367,2026-09-21,20:38 UTC,VIIRS-I,8.69,3652,0.970455
50.7025,-118.362,2026-09-21,20:38 UTC,VIIRS-I,8.69,3608,0.970455
61.5615,-121.487,2026-09-21,20:40 UTC,VIIRS-I,25.28,19275,3.61932
61.5563,-121.499,2026-09-21,20:40 UTC,VIIRS-I,25.28,19369,3.61932
61.9096,-120.698,2026-09-21,20:40 UTC,VIIRS-I,24.32,22582,3.61932
61.5658,-121.482,2026-09-21,20:40 UTC,VIIRS-I,25.28,19051,3.61932
62.0306,-120.699,2026-09-21,20:40 UTC,VIIRS-I,20.8,18412,3.61932
62.0283,-120.689,2026-09-21,20:40 UTC,VIIRS-I,20.8,18179,3.61932
61.9198,-120.729,2026-09-21,20:40 UTC,VIIRS-I,24.16,24038,3.61932
61.9115,-120.764,2026-09-21,20:40 UTC,VIIRS-I,24.61,23014,3.61932
61.9112,-120.74,2026-09-21,20:40 UTC,VIIRS-I,24.61,27118,3.61932
61.585,-121.509,2026-09-21,20:40 UTC,VIIRS-I,25.21,26504,3.61932
61.5702,-121.5,2026-09-21,20:40 UTC,VIIRS-I,25.24,23710,3.61932
61.5713,-121.493,2026-09-21,20:40 UTC,VIIRS-I,25.24,27459,3.61932
61.567,-121.498,2026-09-21,20:40 UTC,VIIRS-I,25.24,23627,3.61932
61.5595,-121.376,2026-09-21,20:40 UTC,VIIRS-I,24.95,25679,3.61932
61.5605,-121.369,2026-09-21,20:40 UTC,VIIRS-I,24.95,24612,3.61932
61.54,-121.364,2026-09-21,20:40 UTC,VIIRS-I,25.19,25855,3.61932
62.0296,-120.706,2026-09-21,20:40 UTC,VIIRS-I,21.3,3458,3.61932
62.0326,-120.684,2026-09-21,20:40 UTC,VIIRS-I,20.8,18913,3.61932
62.0293,-120.682,2026-09-21,20:40 UTC,VIIRS-I,20.8,19063,3.61932
61.4058,-121.678,2026-09-21,20:40 UTC,VIIRS-I,23.3,21466,3.61932
61.4834,-121.329,2026-09-21,20:40 UTC,VIIRS-I,24.66,12555,3.61932
49.8152,-97.643,2026-09-21,21:12 UTC,MODIS,5.39,182,1.85134
49.3727,-97.3135,2026-09-21,21:12 UTC,MODIS,8.02,241,1.85134
49.3694,-97.325,2026-09-21,21:12 UTC,MODIS,8.21,0,0.0
50.6196,-96.4532,2026-09-21,21:12 UTC,MODIS,0.39,1,7.03409
48.4867,-123.768,2026-09-21,21:23 UTC,VIIRS-I,3.53,4,0.579545
48.491,-123.763,2026-09-21,21:23 UTC,VIIRS-I,3.53,4,0.579545
48.4896,-123.776,2026-09-21,21:23 UTC,VIIRS-I,3.53,4,0.579545
49.1193,-124.653,2026-09-21,21:23 UTC,VIIRS-I,2.33,13,0.579545
48.4946,-123.764,2026-09-21,21:23 UTC,VIIRS-I,3.53,4,0.579545
49.4428,-118.067,2026-09-21,21:23 UTC,VIIRS-I,18.18,2854,0.970455
49.8611,-121.542,2026-09-21,21:23 UTC,VIIRS-I,9.46,903,0.970455
49.4472,-118.074,2026-09-21,21:23 UTC,VIIRS-I,18.18,3239,0.970455
49.4475,-118.068,2026-09-21,21:23 UTC,VIIRS-I,18.18,3104,0.970455
50.7006,-118.369,2026-09-21,21:23 UTC,VIIRS-I,8.69,3579,0.970455
49.8533,-121.537,2026-09-21,21:23 UTC,VIIRS-I,11.47,342,1.59375
49.6879,-121.252,2026-09-21,21:23 UTC,VIIRS-I,15.31,759,1.59375
50.1224,-121.864,2026-09-21,21:23 UTC,VIIRS-I,9.83,1250,1.7017
49.0945,-120.974,2026-09-21,21:23 UTC,VIIRS-I,21.01,4552,2.32386
49.09,-121.079,2026-09-21,21:23 UTC,VIIRS-I,18.59,6499,2.32386
61.3691,-123.009,2026-09-21,21:23 UTC,VIIRS-I,11.73,5490,3.61932
61.3857,-122.951,2026-09-21,21:23 UTC,VIIRS-I,11.32,5083,3.61932
61.3906,-122.944,2026-09-21,21:23 UTC,VIIRS-I,11.32,4955,3.61932
61.5619,-121.368,2026-09-21,21:23 UTC,VIIRS-I,24.95,23700,3.61932
61.7776,-122.596,2026-09-21,21:23 UTC,VIIRS-I,15.86,11197,3.61932
62.0304,-120.703,2026-09-21,21:23 UTC,VIIRS-I,20.8,18412,3.61932
49.0908,-120.969,2026-09-21,21:23 UTC,VIIRS-I,21.01,4263,2.32386
50.126,-121.86,2026-09-21,21:23 UTC,VIIRS-I,9.83,1236,2.32386
49.0998,-120.961,2026-09-21,21:23 UTC,VIIRS-I,19.66,3066,3.56818
49.0994,-120.966,2026-09-21,21:23 UTC,VIIRS-I,19.66,3068,3.56818
49.1086,-120.956,2026-09-21,21:23 UTC,VIIRS-I,19.66,3099,3.56818
49.1114,-120.973,2026-09-21,21:23 UTC,VIIRS-I,19.66,3026,3.56818
49.4372,-118.07,2026-09-21,21:23 UTC,VIIRS-I,21.25,2591,3.56818
49.4381,-118.065,2026-09-21,21:23 UTC,VIIRS-I,21.25,2743,3.56818
49.0911,-120.964,2026-09-21,21:23 UTC,VIIRS-I,21.01,4302,3.56818
49.2061,-121.17,2026-09-21,21:23 UTC,VIIRS-I,13.3,1054,3.56818
49.438,-118.057,2026-09-21,21:23 UTC,VIIRS-I,21.25,3247,3.56818
49.0953,-120.965,2026-09-21,21:23 UTC,VIIRS-I,21.01,4246,3.56818
49.104,-120.962,2026-09-21,21:23 UTC,VIIRS-I,19.66,3013,3.56818
49.1035,-120.967,2026-09-21,21:23 UTC,VIIRS-I,19.66,2997,3.56818
49.1031,-120.972,2026-09-21,21:23 UTC,VIIRS-I,19.66,3088,3.56818
62.0312,-120.681,2026-09-21,21:23 UTC,VIIRS-I,20.8,19946,3.61932
49.4235,-118.059,2026-09-21,21:23 UTC,VIIRS-I,21.25,2856,3.56818
50.1049,-121.82,2026-09-21,21:23 UTC,VIIRS-I,9.31,1241,3.56818
50.7011,-118.359,2026-09-21,21:23 UTC,VIIRS-I,15.42,17822,3.56818
48.4903,-123.769,2026-09-21,21:23 UTC,VIIRS-I,3.53,4,0.579545
48.4939,-123.77,2026-09-21,21:23 UTC,VIIRS-I,3.53,4,0.579545
49.8542,-121.526,2026-09-21,21:23 UTC,VIIRS-I,11.47,316,1.27159
49.6924,-121.249,2026-09-21,21:23 UTC,VIIRS-I,15.45,1496,1.32528
49.4419,-118.072,2026-09-21,21:23 UTC,VIIRS-I,18.18,2908,0.970455
49.0896,-121.084,2026-09-21,21:23 UTC,VIIRS-I,18.59,6083,2.32386
49.0272,-124.543,2026-09-21,21:23 UTC,VIIRS-I,3.39,2,0.579545
49.4426,-118.06,2026-09-21,21:23 UTC,VIIRS-I,18.18,3266,0.970455
49.8539,-121.507,2026-09-21,22:18 UTC,VIIRS-I,11.13,407,0.360227
49.854,-121.513,2026-09-21,22:18 UTC,VIIRS-I,11.13,406,0.360227
49.117,-124.649,2026-09-21,22:18 UTC,VIIRS-I,4.52,47,0.579545
48.4904,-123.769,2026-09-21,22:18 UTC,VIIRS-I,3.53,4,0.579545
49.117,-124.655,2026-09-21,22:18 UTC,VIIRS-I,5.04,66,0.579545
48.4839,-123.767,2026-09-21,22:18 UTC,VIIRS-I,5.85,187,0.579545
48.4904,-123.777,2026-09-21,22:18 UTC,VIIRS-I,3.53,4,0.579545
49.6915,-121.247,2026-09-21,22:18 UTC,VIIRS-I,15.45,1496,1.32528
49.6892,-121.242,2026-09-21,22:18 UTC,VIIRS-I,15.45,1437,1.2358
50.1052,-121.816,2026-09-21,22:18 UTC,VIIRS-I,9.31,1296,3.56818
49.8506,-121.505,2026-09-21,22:18 UTC,VIIRS-I,11.13,401,0.384659
49.0262,-124.542,2026-09-21,22:18 UTC,VIIRS-I,3.39,2,0.579545
49.0854,-121.078,2026-09-21,22:18 UTC,VIIRS-I,18.59,6464,1.90909
49.8512,-121.53,2026-09-21,22:18 UTC,VIIRS-I,11.47,336,1.59375
48.4838,-123.758,2026-09-21,22:18 UTC,VIIRS-I,5.85,187,0.579545
48.4903,-123.749,2026-09-21,22:18 UTC,VIIRS-I,6.11,18,0.579545
50.1026,-121.815,2026-09-21,22:18 UTC,VIIRS-I,9.31,394,3.56818
61.7191,-121.866,2026-09-21,22:22 UTC,VIIRS-I,24.71,13617,3.61932
61.3903,-122.937,2026-09-21,22:22 UTC,VIIRS-I,11.32,4917,3.61932
61.3845,-122.961,2026-09-21,22:22 UTC,VIIRS-I,11.48,5249,3.61932
61.7683,-121.907,2026-09-21,22:22 UTC,VIIRS-I,23.8,7250,3.61932
61.3907,-122.948,2026-09-21,22:22 UTC,VIIRS-I,11.32,4955,3.61932
61.397,-122.936,2026-09-21,22:22 UTC,VIIRS-I,11.1,3969,3.61932
61.7689,-121.921,2026-09-21,22:22 UTC,VIIRS-I,22.64,12324,3.61932
61.3966,-122.924,2026-09-21,22:22 UTC,VIIRS-I,10.88,5180,3.61932
61.3899,-122.925,2026-09-21,22:22 UTC,VIIRS-I,11.32,4824,3.61932
61.776,-122.59,2026-09-21,22:22 UTC,VIIRS-I,16.45,8683,3.61932
51.5519,-116.163,2026-09-21,22:50 UTC,MODIS,10.94,4450,1.46648
49.2005,-121.183,2026-09-21,22:50 UTC,MODIS,7.79,439,0.970455
49.8565,-121.54,2026-09-21,22:50 UTC,MODIS,11.47,335,1.59375
49.689,-121.315,2026-09-21,22:50 UTC,MODIS,16.22,1082,1.41477
49.6794,-121.313,2026-09-21,22:50 UTC,MODIS,20.06,1260,2.13068
49.0999,-120.976,2026-09-21,22:50 UTC,MODIS,19.66,3300,1.7017
49.0907,-120.972,2026-09-21,22:50 UTC,MODIS,21.01,4464,2.32386
49.0821,-121.072,2026-09-21,22:50 UTC,MODIS,25.72,10842,1.57727
49.778,-121.241,2026-09-21,22:50 UTC,MODIS,19.01,6010,1.90909
49.1156,-121.022,2026-09-21,22:50 UTC,MODIS,20.34,7680,3.56818
49.1092,-120.979,2026-09-21,22:50 UTC,MODIS,19.66,3091,3.56818
49.4318,-118.056,2026-09-21,22:50 UTC,MODIS,21.25,2716,3.56818
50.1481,-121.182,2026-09-21,22:50 UTC,MODIS,22.47,4116,1.49432
48.4824,-123.786,2026-09-21,22:50 UTC,MODIS,2.64,2,0.579545
48.4759,-123.762,2026-09-21,22:50 UTC,MODIS,5.85,187,0.579545
49.4405,-118.059,2026-09-21,22:50 UTC,MODIS,21.25,3211,3.56818
51.5538,-116.149,2026-09-21,22:50 UTC,MODIS,10.94,4569,1.46648
51.5432,-116.16,2026-09-21,22:50 UTC,MODIS,10.94,4617,1.46648
51.0959,-118.306,2026-09-21,22:50 UTC,MODIS,9.1,561,0.970455
53.2436,-109.981,2026-09-21,22:50 UTC,MODIS,26.41,885,7.51136
49.0789,-121.09,2026-09-21,22:50 UTC,MODIS,26.38,9103,1.57727
61.9115,-120.703,2026-09-21,22:54 UTC,MODIS,24.32,22458,3.61932
61.7206,-121.861,2026-09-21,22:54 UTC,MODIS,24.71,13512,3.61932
61.7782,-122.603,2026-09-21,22:54 UTC,MODIS,15.86,11143,3.61932
62.025,-120.69,2026-09-21,22:54 UTC,MODIS,20.8,17949,3.61932
61.8157,-121.932,2026-09-21,22:54 UTC,MODIS,23.17,21831,3.61932
61.8047,-121.94,2026-09-21,22:54 UTC,MODIS,23.17,22903,3.61932
61.7181,-121.88,2026-09-21,22:54 UTC,MODIS,24.51,21827,3.61932
61.7095,-121.875,2026-09-21,22:54 UTC,MODIS,24.51,22789,3.61932
61.3874,-122.961,2026-09-21,22:54 UTC,MODIS,11.48,5045,3.61932
61.39,-122.943,2026-09-21,22:54 UTC,MODIS,11.32,4955,3.61932
61.3416,-123.002,2026-09-21,22:54 UTC,MODIS,12.06,5893,3.61932
61.5608,-121.374,2026-09-21,22:54 UTC,MODIS,24.95,25542,3.61932
61.3575,-122.702,2026-09-21,22:54 UTC,MODIS,13.4,7271,3.61932
62.0226,-120.71,2026-09-21,22:54 UTC,MODIS,21.3,3347,3.61932
61.7618,-121.914,2026-09-21,22:54 UTC,MODIS,23.45,4060,3.61932
61.7697,-122.598,2026-09-21,22:54 UTC,MODIS,16.45,8595,3.61932
61.4037,-122.913,2026-09-21,22:54 UTC,MODIS,10.79,4518,3.61932
61.3926,-122.926,2026-09-21,22:54 UTC,MODIS,11.32,4966,3.61932
61.3952,-122.908,2026-09-21,22:54 UTC,MODIS,10.88,5148,3.61932
61.3978,-122.89,2026-09-21,22:54 UTC,MODIS,10.88,5275,3.61932
61.4003,-122.873,2026-09-21,22:54 UTC,MODIS,10.29,4643,3.61932
61.7722,-122.58,2026-09-21,22:54 UTC,MODIS,16.45,8814,3.61932
61.7704,-121.919,2026-09-21,22:54 UTC,MODIS,22.64,12464,3.61932
61.4147,-122.901,2026-09-21,22:54 UTC,MODIS,10.79,4511,3.61932
61.4011,-122.931,2026-09-21,22:54 UTC,MODIS,11.1,3960,3.61932
61.736,-121.898,2026-09-21,22:54 UTC,MODIS,24.03,10732,3.61932
62.9321,-120.698,2026-09-21,22:54 UTC,MODIS,14.9,8328,3.61932
